{"data":[{"files":[{"branches":[[107,9,107,44,0,0,0,0,4],[111,9,111,15,0,0,0,0,4],[112,9,112,15,0,0,0,0,4],[113,9,113,15,0,0,0,0,4],[114,9,114,15,0,0,0,0,4],[115,9,115,15,0,0,0,0,4],[116,9,116,16,0,0,0,0,4],[124,12,124,38,0,208,0,0,4],[129,9,129,17,0,16,0,0,4],[130,9,130,74,0,16,0,0,4],[138,9,138,16,0,0,0,0,4],[140,9,140,44,0,0,0,0,4],[141,13,141,20,0,0,0,0,4],[144,16,144,65,0,0,0,0,4],[145,13,145,20,0,0,0,0,4]],"expansions":[],"filename":"/Users/mihaiadomnitei/Desktop/oop/lab10/cmake-build-debug-coverage/lab10_autogen/6YEA5652QU/moc_Gui.cpp","segments":[[106,1,0,true,true,false],[107,9,0,true,true,false],[107,44,0,true,false,false],[107,46,0,true,true,false],[110,22,0,true,false,true],[111,9,0,true,true,false],[111,39,0,true,false,true],[112,9,0,true,true,false],[112,39,0,true,false,true],[113,9,0,true,true,false],[113,44,0,true,false,true],[114,9,0,true,true,false],[114,40,0,true,false,true],[115,9,0,true,true,false],[115,42,0,true,false,true],[116,9,0,true,true,false],[116,19,0,true,false,false],[119,5,0,true,true,false],[120,2,0,false,false,false],[123,1,208,true,true,false],[124,12,208,true,true,false],[124,38,208,true,false,false],[124,40,0,true,false,true],[124,41,0,true,true,false],[124,76,208,true,false,false],[124,79,208,true,true,false],[124,96,208,true,false,false],[125,2,0,false,false,false],[128,1,16,true,true,false],[129,9,16,true,true,false],[129,17,16,true,false,false],[129,18,0,true,false,true],[129,19,0,true,true,false],[129,33,16,true,false,false],[130,5,16,true,true,false],[130,9,16,true,true,false],[130,74,16,true,false,false],[130,75,0,true,false,true],[131,9,0,true,true,false],[131,40,16,true,false,false],[132,5,16,true,true,false],[132,41,16,true,false,false],[133,2,0,false,false,false],[136,1,0,true,true,false],[138,9,0,true,true,false],[138,16,0,true,false,false],[139,9,0,true,true,false],[139,19,0,true,false,false],[140,5,0,true,true,false],[140,9,0,true,true,false],[140,44,0,true,false,false],[140,46,0,true,true,false],[141,13,0,true,true,false],[141,20,0,true,false,false],[142,13,0,true,true,false],[142,50,0,true,false,false],[144,12,0,true,true,false],[144,16,0,true,true,false],[144,65,0,true,false,false],[144,67,0,true,true,false],[145,13,0,true,true,false],[145,20,0,true,false,false],[146,13,0,true,true,false],[146,64,0,true,false,false],[150,2,0,false,false,false]],"summary":{"branches":{"count":30,"covered":3,"notcovered":27,"percent":10},"functions":{"count":4,"covered":2,"percent":50},"instantiations":{"count":4,"covered":2,"percent":50},"lines":{"count":39,"covered":8,"percent":20.512820512820511},"regions":{"count":34,"covered":8,"notcovered":26,"percent":23.52941176470588}}},{"branches":[],"expansions":[],"filename":"/Users/mihaiadomnitei/Desktop/oop/lab10/include/Console.hpp","segments":[[10,80,0,true,true,false],[10,82,0,false,false,false]],"summary":{"branches":{"count":0,"covered":0,"notcovered":0,"percent":0},"functions":{"count":1,"covered":0,"percent":0},"instantiations":{"count":1,"covered":0,"percent":0},"lines":{"count":1,"covered":0,"percent":0},"regions":{"count":1,"covered":0,"notcovered":1,"percent":0}}},{"branches":[],"expansions":[],"filename":"/Users/mihaiadomnitei/Desktop/oop/lab10/include/Medicament.hpp","segments":[[21,26,7,true,true,false],[21,27,0,false,false,false]],"summary":{"branches":{"count":0,"covered":0,"notcovered":0,"percent":0},"functions":{"count":1,"covered":1,"percent":100},"instantiations":{"count":1,"covered":1,"percent":100},"lines":{"count":1,"covered":1,"percent":100},"regions":{"count":1,"covered":1,"notcovered":0,"percent":100}}},{"branches":[],"expansions":[],"filename":"/Users/mihaiadomnitei/Desktop/oop/lab10/include/Repository.hpp","segments":[[10,88,2,true,true,false],[10,90,0,false,false,false],[19,31,8,true,true,false],[19,32,0,false,false,false],[20,40,8,true,true,false],[20,41,0,false,false,false],[37,39,6,true,true,false],[37,40,0,false,false,false],[56,37,2,true,true,false],[56,38,0,false,false,false],[90,22,4,true,true,false],[90,23,0,false,false,false]],"summary":{"branches":{"count":0,"covered":0,"notcovered":0,"percent":0},"functions":{"count":6,"covered":6,"percent":100},"instantiations":{"count":6,"covered":6,"percent":100},"lines":{"count":6,"covered":6,"percent":100},"regions":{"count":6,"covered":6,"notcovered":0,"percent":100}}},{"branches":[],"expansions":[],"filename":"/Users/mihaiadomnitei/Desktop/oop/lab10/include/Service.hpp","segments":[[11,85,7,true,true,false],[11,87,0,false,false,false]],"summary":{"branches":{"count":0,"covered":0,"notcovered":0,"percent":0},"functions":{"count":1,"covered":1,"percent":100},"instantiations":{"count":1,"covered":1,"percent":100},"lines":{"count":1,"covered":1,"percent":100},"regions":{"count":1,"covered":1,"notcovered":0,"percent":100}}},{"branches":[],"expansions":[],"filename":"/Users/mihaiadomnitei/Desktop/oop/lab10/include/Undo.hpp","segments":[[11,37,16,true,true,false],[11,38,0,false,false,false]],"summary":{"branches":{"count":0,"covered":0,"notcovered":0,"percent":0},"functions":{"count":1,"covered":1,"percent":100},"instantiations":{"count":1,"covered":1,"percent":100},"lines":{"count":1,"covered":1,"percent":100},"regions":{"count":1,"covered":1,"notcovered":0,"percent":100}}},{"branches":[[27,9,27,32,0,0,0,0,4],[32,39,32,40,0,0,0,0,4],[53,9,53,24,0,0,0,0,4],[81,9,81,24,0,0,0,0,4],[110,9,110,34,0,0,0,0,4],[115,39,115,40,0,0,0,0,4],[126,9,126,24,0,0,0,0,4],[134,9,134,37,0,0,0,0,4],[139,39,139,40,0,0,0,0,4],[149,9,149,35,0,0,0,0,4],[154,39,154,40,0,0,0,0,4],[162,9,162,23,0,0,0,0,4],[167,24,167,25,0,0,0,0,4],[180,12,180,16,0,0,0,0,4],[184,13,184,28,0,0,0,0,4],[188,20,188,43,0,0,0,0,4],[200,12,200,16,0,0,0,0,4],[207,17,207,25,0,0,0,0,4],[211,17,211,25,0,0,0,0,4],[215,17,215,25,0,0,0,0,4],[219,17,219,25,0,0,0,0,4],[223,17,223,25,0,0,0,0,4],[227,17,227,25,0,0,0,0,4],[231,17,231,25,0,0,0,0,4],[235,17,235,25,0,0,0,0,4],[239,17,239,25,0,0,0,0,4],[243,17,243,25,0,0,0,0,4],[247,17,247,25,0,0,0,0,4],[251,17,251,24,0,0,0,0,4]],"expansions":[],"filename":"/Users/mihaiadomnitei/Desktop/oop/lab10/src/Console.cpp","segments":[[7,55,0,true,true,false],[7,57,0,false,false,false],[9,27,0,true,true,false],[22,2,0,false,false,false],[24,36,0,true,true,false],[26,1,0,false,true,false],[26,1,0,true,false,false],[27,9,0,true,true,false],[27,32,0,true,false,false],[27,34,0,true,true,false],[29,6,0,true,false,true],[30,1,0,false,true,false],[30,1,0,true,false,true],[31,5,0,true,true,false],[32,57,0,true,false,true],[32,58,0,true,true,false],[34,6,0,true,false,false],[35,2,0,false,false,false],[37,33,0,true,true,false],[40,1,0,false,true,false],[40,1,0,true,false,false],[43,1,0,false,true,false],[43,1,0,true,false,false],[46,1,0,false,true,false],[46,1,0,true,false,false],[49,1,0,false,true,false],[49,1,0,true,false,false],[52,1,0,false,true,false],[52,1,0,true,false,false],[53,9,0,true,true,false],[53,24,0,true,false,false],[53,26,0,true,true,false],[57,6,0,true,false,true],[58,1,0,false,true,false],[58,1,0,true,false,true],[59,5,0,true,true,false],[61,2,0,false,false,false],[63,36,0,true,true,false],[66,1,0,false,true,false],[66,1,0,true,false,false],[69,1,0,false,true,false],[69,1,0,true,false,false],[71,1,0,false,true,false],[71,1,0,true,false,false],[74,1,0,false,true,false],[74,1,0,true,false,false],[77,1,0,false,true,false],[77,1,0,true,false,false],[80,1,0,false,true,false],[80,1,0,true,false,false],[81,9,0,true,true,false],[81,24,0,true,false,false],[81,26,0,true,true,false],[85,6,0,true,false,true],[86,1,0,false,true,false],[86,1,0,true,false,true],[87,5,0,true,true,false],[89,1,0,false,true,false],[89,1,0,true,false,false],[90,2,0,false,false,false],[92,36,0,true,true,false],[94,1,0,false,true,false],[94,1,0,true,false,false],[97,1,0,false,true,false],[97,1,0,true,false,false],[100,2,0,false,false,false],[102,34,0,true,true,false],[104,1,0,false,true,false],[104,1,0,true,false,false],[107,1,0,false,true,false],[107,1,0,true,false,false],[109,1,0,false,true,false],[109,1,0,true,false,false],[110,9,0,true,true,false],[110,34,0,true,false,false],[110,36,0,true,true,false],[112,6,0,true,false,true],[113,1,0,false,true,false],[113,1,0,true,false,true],[114,5,0,true,true,false],[115,59,0,true,false,true],[115,60,0,true,true,false],[117,6,0,true,false,false],[118,2,0,false,false,false],[120,37,0,true,true,false],[122,1,0,false,true,false],[122,1,0,true,false,false],[125,1,0,false,true,false],[125,1,0,true,false,false],[126,9,0,true,true,false],[126,24,0,true,false,false],[126,26,0,true,true,false],[130,6,0,true,false,true],[131,1,0,false,true,false],[131,1,0,true,false,true],[132,5,0,true,true,false],[133,1,0,false,true,false],[133,1,0,true,false,false],[134,9,0,true,true,false],[134,37,0,true,false,false],[134,39,0,true,true,false],[136,6,0,true,false,true],[137,1,0,false,true,false],[137,1,0,true,false,true],[138,5,0,true,true,false],[139,62,0,true,false,true],[139,63,0,true,true,false],[141,6,0,true,false,false],[142,2,0,false,false,false],[144,35,0,true,true,false],[145,107,0,true,true,false],[147,6,0,true,false,false],[148,1,0,false,true,false],[148,1,0,true,false,false],[149,9,0,true,true,false],[149,35,0,true,false,false],[149,37,0,true,true,false],[151,6,0,true,false,true],[152,1,0,false,true,false],[152,1,0,true,false,true],[153,5,0,true,true,false],[154,60,0,true,false,true],[154,61,0,true,true,false],[156,6,0,true,false,false],[157,2,0,false,false,false],[159,30,0,true,true,false],[161,1,0,false,true,false],[161,1,0,true,false,false],[162,9,0,true,true,false],[162,23,0,true,false,false],[162,25,0,true,true,false],[164,6,0,true,false,true],[165,1,0,false,true,false],[165,1,0,true,false,true],[166,5,0,true,true,false],[167,33,0,true,false,true],[167,34,0,true,true,false],[169,6,0,true,false,false],[170,2,0,false,false,false],[172,24,0,true,true,false],[175,2,0,false,false,false],[177,30,0,true,true,false],[179,1,0,false,true,false],[179,1,0,true,false,false],[180,12,0,true,true,false],[180,16,0,true,false,false],[180,18,0,true,true,false],[183,1,0,false,true,false],[183,1,0,true,false,false],[184,13,0,true,true,false],[184,28,0,true,false,false],[184,30,0,true,true,false],[188,10,0,true,false,true],[188,16,0,true,true,false],[188,20,0,true,true,false],[188,43,0,true,false,false],[188,45,0,true,true,false],[192,10,0,true,false,true],[192,16,0,true,true,false],[195,10,0,true,false,false],[197,2,0,false,false,false],[199,21,0,true,true,false],[200,12,0,true,true,false],[200,16,0,true,false,false],[200,18,0,true,true,false],[202,1,0,false,true,false],[202,1,0,true,false,false],[203,13,0,true,true,false],[205,1,0,false,true,false],[205,1,0,true,false,false],[207,17,0,true,true,false],[209,26,0,true,false,true],[211,17,0,true,true,false],[213,26,0,true,false,true],[215,17,0,true,true,false],[217,26,0,true,false,true],[219,17,0,true,true,false],[221,26,0,true,false,true],[223,17,0,true,true,false],[225,26,0,true,false,true],[227,17,0,true,true,false],[229,26,0,true,false,true],[231,17,0,true,true,false],[233,26,0,true,false,true],[235,17,0,true,true,false],[237,26,0,true,false,true],[239,17,0,true,true,false],[241,26,0,true,false,true],[243,17,0,true,true,false],[245,26,0,true,false,true],[247,17,0,true,true,false],[249,27,0,true,false,true],[251,17,0,true,true,false],[253,18,0,true,false,false],[256,42,0,true,true,false],[258,10,0,true,false,false],[260,2,0,false,false,false]],"summary":{"branches":{"count":54,"covered":0,"notcovered":54,"percent":0},"functions":{"count":14,"covered":0,"percent":0},"instantiations":{"count":14,"covered":0,"percent":0},"lines":{"count":210,"covered":0,"percent":0},"regions":{"count":67,"covered":0,"notcovered":67,"percent":0}}},{"branches":[[18,9,18,27,0,0,0,0,4],[23,39,23,40,0,0,0,0,4],[49,9,49,24,0,0,0,0,4],[75,9,75,17,0,0,0,0,4],[79,9,79,17,0,0,0,0,4],[83,9,83,17,0,0,0,0,4],[87,9,87,17,0,0,0,0,4],[91,9,91,17,0,0,0,0,4],[95,9,95,17,0,0,0,0,4],[99,9,99,17,0,0,0,0,4],[102,9,102,16,0,0,0,0,4]],"expansions":[],"filename":"/Users/mihaiadomnitei/Desktop/oop/lab10/src/ConsoleRecipe.cpp","segments":[[4,33,0,true,true,false],[13,2,0,false,false,false],[15,31,0,true,true,false],[17,1,0,false,true,false],[17,1,0,true,false,false],[18,9,0,true,true,false],[18,27,0,true,false,false],[18,29,0,true,true,false],[20,6,0,true,false,true],[21,1,0,false,true,false],[21,1,0,true,false,true],[22,5,0,true,true,false],[23,52,0,true,false,true],[23,53,0,true,true,false],[25,6,0,true,false,false],[26,2,0,false,false,false],[28,31,0,true,true,false],[30,1,0,false,true,false],[30,1,0,true,false,false],[33,1,0,false,true,false],[33,1,0,true,false,false],[36,2,0,false,false,false],[38,46,0,true,true,false],[41,2,0,false,false,false],[43,40,0,true,true,false],[45,1,0,false,true,false],[45,1,0,true,false,false],[48,1,0,false,true,false],[48,1,0,true,false,false],[49,9,0,true,true,false],[49,24,0,true,false,false],[49,26,0,true,true,false],[53,6,0,true,false,true],[54,1,0,false,true,false],[54,1,0,true,false,true],[55,5,0,true,true,false],[57,2,0,false,false,false],[59,32,0,true,true,false],[62,2,0,false,false,false],[64,31,0,true,true,false],[67,2,0,false,false,false],[69,30,0,true,true,false],[71,1,0,false,true,false],[71,1,0,true,false,false],[73,1,0,false,true,false],[73,1,0,true,false,false],[75,9,0,true,true,false],[77,18,0,true,false,true],[79,9,0,true,true,false],[81,18,0,true,false,true],[83,9,0,true,true,false],[85,18,0,true,false,true],[87,9,0,true,true,false],[89,18,0,true,false,true],[91,9,0,true,true,false],[93,18,0,true,false,true],[95,9,0,true,true,false],[97,18,0,true,false,true],[99,9,0,true,true,false],[100,19,0,true,false,true],[102,9,0,true,true,false],[104,10,0,true,false,false],[106,2,0,false,false,false]],"summary":{"branches":{"count":22,"covered":0,"notcovered":22,"percent":0},"functions":{"count":8,"covered":0,"percent":0},"instantiations":{"count":8,"covered":0,"percent":0},"lines":{"count":87,"covered":0,"percent":0},"regions":{"count":23,"covered":0,"notcovered":23,"percent":0}}},{"branches":[[68,26,68,27,2,1,0,0,4],[93,9,93,28,0,0,0,0,4],[126,30,126,31,0,0,0,0,4],[145,30,145,31,0,0,0,0,4]],"expansions":[],"filename":"/Users/mihaiadomnitei/Desktop/oop/lab10/src/Gui.cpp","segments":[[6,49,1,true,true,false],[18,1,0,false,true,false],[19,1,1,true,false,false],[23,2,0,false,false,false],[26,21,1,true,true,false],[30,1,0,false,true,false],[31,47,1,true,false,false],[33,1,0,false,true,false],[34,21,1,true,false,false],[39,1,0,false,true,false],[40,54,1,true,false,false],[54,2,0,false,false,false],[56,25,1,true,true,false],[62,2,0,false,false,false],[65,22,1,true,true,false],[68,33,2,true,false,true],[68,34,2,true,true,false],[75,6,1,true,false,false],[76,2,0,false,false,false],[78,23,0,true,true,false],[83,1,0,false,true,false],[83,1,0,true,false,false],[84,9,0,true,true,false],[87,6,0,true,false,false],[87,39,0,true,true,false],[89,6,0,true,false,false],[90,2,0,false,false,false],[92,23,0,true,true,false],[93,9,0,true,true,false],[93,28,0,true,false,false],[93,30,0,true,true,false],[95,1,0,false,true,false],[95,1,0,true,false,false],[96,13,0,true,true,false],[99,10,0,true,false,false],[99,43,0,true,true,false],[101,10,0,true,false,false],[103,2,0,false,false,false],[105,28,0,true,true,false],[110,1,0,false,true,false],[110,1,0,true,false,false],[111,9,0,true,true,false],[114,6,0,true,false,false],[114,39,0,true,true,false],[116,6,0,true,false,false],[117,2,0,false,false,false],[120,24,0,true,true,false],[122,1,0,false,true,false],[122,1,0,true,false,false],[123,9,0,true,true,false],[126,42,0,true,false,true],[126,43,0,true,true,false],[133,10,0,true,false,false],[134,39,0,true,true,false],[136,6,0,true,false,false],[137,2,0,false,false,false],[139,26,0,true,true,false],[141,1,0,false,true,false],[141,1,0,true,false,false],[142,9,0,true,true,false],[145,45,0,true,false,true],[145,46,0,true,true,false],[152,10,0,true,false,false],[153,39,0,true,true,false],[155,6,0,true,false,false],[156,2,0,false,false,false]],"summary":{"branches":{"count":8,"covered":2,"notcovered":6,"percent":25},"functions":{"count":9,"covered":4,"percent":44.444444444444443},"instantiations":{"count":9,"covered":4,"percent":44.444444444444443},"lines":{"count":127,"covered":58,"percent":45.669291338582681},"regions":{"count":24,"covered":5,"notcovered":19,"percent":20.833333333333336}}},{"branches":[],"expansions":[],"filename":"/Users/mihaiadomnitei/Desktop/oop/lab10/src/Medicament.cpp","segments":[[13,125,19,true,true,false],[14,1,0,false,true,false],[14,33,19,true,false,false],[15,2,0,false,false,false],[18,44,1,true,true,false],[22,2,0,false,false,false],[26,45,80,true,true,false],[28,2,0,false,false,false],[30,47,54,true,true,false],[32,2,0,false,false,false],[34,48,51,true,true,false],[36,2,0,false,false,false],[38,33,55,true,true,false],[40,2,0,false,false,false],[44,80,1,true,true,false],[46,2,0,false,false,false],[48,84,1,true,true,false],[50,2,0,false,false,false],[52,86,1,true,true,false],[54,2,0,false,false,false],[56,57,1,true,true,false],[58,2,0,false,false,false]],"summary":{"branches":{"count":0,"covered":0,"notcovered":0,"percent":0},"functions":{"count":10,"covered":10,"percent":100},"instantiations":{"count":10,"covered":10,"percent":100},"lines":{"count":31,"covered":31,"percent":100},"regions":{"count":10,"covered":10,"notcovered":0,"percent":100}}},{"branches":[[63,27,63,28,72,42,0,0,4],[107,9,107,36,1,72,0,0,4],[118,9,118,22,1,3,0,0,4],[123,12,123,34,3,3,0,0,4],[129,16,129,43,12,3,0,0,4],[133,13,133,30,3,0,0,0,4],[149,39,149,40,5,4,0,0,4]],"expansions":[],"filename":"/Users/mihaiadomnitei/Desktop/oop/lab10/src/Repository.cpp","segments":[[12,57,13,true,true,false],[14,2,0,false,false,false],[16,38,8,true,true,false],[18,2,0,false,false,false],[20,65,10,true,true,false],[22,2,0,false,false,false],[24,73,5,true,true,false],[25,98,6,true,true,false],[27,6,5,true,false,false],[28,1,0,false,true,false],[28,1,5,true,false,false],[32,2,0,false,false,false],[34,107,4,true,true,false],[35,98,4,true,true,false],[37,6,4,true,false,false],[38,1,0,false,true,false],[38,1,4,true,false,false],[42,2,0,false,false,false],[44,65,5,true,true,false],[45,98,4,true,true,false],[47,6,5,true,false,false],[48,1,0,false,true,false],[48,1,5,true,false,false],[50,2,0,false,false,false],[56,73,2,true,true,false],[56,75,0,false,false,false],[58,55,42,true,true,false],[60,1,0,false,true,false],[60,1,42,true,false,false],[62,1,0,false,true,false],[62,1,42,true,false,false],[63,35,72,true,false,true],[63,36,72,true,true,false],[65,6,42,true,false,false],[66,1,0,false,true,false],[66,1,42,true,false,false],[68,2,0,false,false,false],[70,36,8,true,true,false],[72,2,0,false,false,false],[74,63,8,true,true,false],[77,2,0,false,false,false],[79,71,4,true,true,false],[82,1,0,false,true,false],[82,1,4,true,false,false],[86,2,0,false,false,false],[88,105,1,true,true,false],[91,1,0,false,true,false],[91,1,1,true,false,false],[95,2,0,false,false,false],[97,63,18,true,true,false],[100,2,0,false,false,false],[102,38,73,true,true,false],[105,1,0,false,true,false],[105,1,73,true,false,false],[107,9,73,true,true,false],[107,36,73,true,false,false],[107,37,1,true,false,true],[107,38,1,true,true,false],[109,6,73,true,false,false],[110,2,0,false,false,false],[116,34,4,true,true,false],[118,9,4,true,true,false],[118,22,4,true,false,false],[118,23,1,true,false,true],[118,24,1,true,true,false],[120,6,3,true,false,true],[121,1,0,false,true,false],[121,1,3,true,false,true],[122,5,3,true,true,false],[123,12,6,true,true,false],[123,34,3,true,false,false],[123,36,3,true,true,false],[125,1,0,false,true,false],[125,1,3,true,false,false],[128,1,0,false,true,false],[128,1,3,true,false,false],[129,16,15,true,true,false],[129,43,3,true,false,false],[129,44,12,true,false,true],[129,45,12,true,true,false],[131,10,3,true,false,false],[132,1,0,false,true,false],[132,1,3,true,false,false],[133,13,3,true,true,false],[133,30,3,true,false,false],[133,32,3,true,true,false],[138,1,0,false,true,false],[138,1,3,true,false,false],[142,1,0,false,true,false],[142,1,3,true,false,false],[144,2,0,false,false,false],[146,33,4,true,true,false],[148,1,0,false,true,false],[148,1,4,true,false,false],[149,47,5,true,false,true],[149,48,5,true,true,false],[154,6,4,true,false,false],[155,1,0,false,true,false],[155,1,4,true,false,false],[157,2,0,false,false,false],[159,100,4,true,true,false],[161,2,0,false,false,false],[163,63,2,true,true,false],[166,2,0,false,false,false],[168,71,1,true,true,false],[172,2,0,false,false,false],[174,105,1,true,true,false],[178,2,0,false,false,false],[184,51,10,true,true,false],[186,2,0,false,false,false],[188,31,6,true,true,false],[190,2,0,false,false,false],[192,58,28,true,true,false],[194,2,0,false,false,false],[196,37,3,true,true,false],[198,2,0,false,false,false]],"summary":{"branches":{"count":14,"covered":13,"notcovered":1,"percent":92.857142857142861},"functions":{"count":27,"covered":27,"percent":100},"instantiations":{"count":27,"covered":27,"percent":100},"lines":{"count":144,"covered":144,"percent":100},"regions":{"count":40,"covered":40,"notcovered":0,"percent":100}}},{"branches":[[21,9,21,41,1,9,0,0,4],[34,9,34,42,1,2,0,0,4],[46,9,46,42,1,5,0,0,4],[92,9,92,42,1,2,0,0,4],[104,9,104,29,1,2,0,0,4],[112,9,112,30,1,2,0,0,4],[119,24,119,44,24,2,0,0,4],[134,33,134,34,12,1,0,0,4],[151,33,151,34,12,1,0,0,4],[168,39,168,40,3,1,0,0,4],[176,9,176,24,1,4,0,0,4]],"expansions":[],"filename":"/Users/mihaiadomnitei/Desktop/oop/lab10/src/Service.cpp","segments":[[7,95,3,true,true,false],[10,1,0,false,true,false],[10,1,3,true,false,false],[13,2,0,false,false,false],[15,48,19,true,true,false],[17,2,0,false,false,false],[20,76,10,true,true,false],[21,9,10,true,true,false],[21,41,10,true,false,false],[21,42,1,true,false,true],[21,43,1,true,true,false],[23,6,9,true,false,true],[24,1,0,false,true,false],[24,1,9,true,false,true],[25,5,9,true,true,false],[27,1,0,false,true,false],[27,1,9,true,false,false],[30,2,0,false,false,false],[33,87,3,true,true,false],[34,9,3,true,true,false],[34,42,3,true,false,false],[34,43,1,true,false,true],[34,44,1,true,true,false],[36,6,2,true,false,true],[37,1,0,false,true,false],[37,1,2,true,false,true],[38,5,2,true,true,false],[40,1,0,false,true,false],[40,1,2,true,false,false],[43,2,0,false,false,false],[45,66,6,true,true,false],[46,9,6,true,true,false],[46,42,6,true,false,false],[46,43,1,true,false,true],[46,44,1,true,true,false],[48,6,5,true,false,true],[49,1,0,false,true,false],[49,1,5,true,false,true],[50,5,5,true,true,false],[52,2,0,false,false,false],[54,83,2,true,true,false],[57,1,0,false,true,false],[57,1,2,true,false,false],[59,60,2,true,true,false],[59,116,2,true,false,false],[60,1,0,false,true,false],[60,1,2,true,false,false],[62,2,0,false,false,false],[64,71,2,true,true,false],[67,1,0,false,true,false],[67,1,2,true,false,false],[71,59,2,true,true,false],[71,103,2,true,false,false],[72,1,0,false,true,false],[72,1,2,true,false,false],[74,2,0,false,false,false],[77,85,1,true,true,false],[81,2,0,false,false,false],[87,50,10,true,true,false],[89,2,0,false,false,false],[91,64,3,true,true,false],[92,9,3,true,true,false],[92,42,3,true,false,false],[92,43,1,true,false,true],[92,44,1,true,true,false],[94,6,2,true,false,true],[95,1,0,false,true,false],[95,1,2,true,false,true],[96,5,2,true,true,false],[96,136,3,true,true,false],[98,6,2,true,false,false],[99,1,0,false,true,false],[99,1,2,true,false,false],[101,2,0,false,false,false],[103,44,3,true,true,false],[104,9,3,true,true,false],[104,29,3,true,false,false],[104,30,1,true,false,true],[104,31,1,true,true,false],[106,6,2,true,false,true],[107,1,0,false,true,false],[107,1,2,true,false,true],[108,5,2,true,true,false],[109,2,0,false,false,false],[111,61,3,true,true,false],[112,9,3,true,true,false],[112,30,3,true,false,false],[112,31,1,true,false,true],[112,32,1,true,true,false],[114,6,2,true,false,true],[115,1,0,false,true,false],[115,1,2,true,false,true],[116,5,2,true,true,false],[118,1,0,false,true,false],[118,1,2,true,false,false],[119,24,26,true,true,false],[119,44,2,true,false,false],[119,46,24,true,true,false],[119,49,2,true,false,false],[119,50,24,true,false,true],[119,51,24,true,true,false],[122,6,2,true,false,false],[123,2,0,false,false,false],[125,55,1,true,true,false],[127,1,0,false,true,false],[127,1,1,true,false,false],[133,1,0,false,true,false],[133,1,1,true,false,false],[134,50,12,true,false,true],[134,51,12,true,true,false],[141,6,1,true,false,false],[142,1,0,false,true,false],[142,1,1,true,false,false],[144,2,0,false,false,false],[146,54,1,true,true,false],[148,1,0,false,true,false],[148,1,1,true,false,false],[150,1,0,false,true,false],[150,1,1,true,false,false],[151,50,12,true,false,true],[151,51,12,true,true,false],[156,6,1,true,false,false],[157,1,0,false,true,false],[157,1,1,true,false,false],[159,2,0,false,false,false],[165,69,1,true,true,false],[167,1,0,false,true,false],[167,1,1,true,false,false],[168,66,3,true,false,true],[168,67,3,true,true,false],[170,6,1,true,false,false],[171,1,0,false,true,false],[171,1,1,true,false,false],[173,2,0,false,false,false],[175,22,5,true,true,false],[176,9,5,true,true,false],[176,24,5,true,false,false],[176,25,1,true,false,true],[176,26,1,true,true,false],[178,6,4,true,false,true],[179,1,0,false,true,false],[179,1,4,true,false,true],[180,5,4,true,true,false],[182,1,0,false,true,false],[182,1,4,true,false,false],[184,2,0,false,false,false]],"summary":{"branches":{"count":22,"covered":22,"notcovered":0,"percent":100},"functions":{"count":19,"covered":19,"percent":100},"instantiations":{"count":19,"covered":19,"percent":100},"lines":{"count":132,"covered":132,"percent":100},"regions":{"count":46,"covered":46,"notcovered":0,"percent":100}}},{"branches":[],"expansions":[],"filename":"/Users/mihaiadomnitei/Desktop/oop/lab10/src/Test.cpp","segments":[[13,14,2,true,true,false],[16,1,0,false,true,false],[16,1,2,true,false,false],[21,1,0,false,true,false],[21,1,2,true,false,false],[26,2,0,false,false,false],[28,25,1,true,true,false],[30,1,0,false,true,false],[30,1,1,true,false,false],[31,53,0,true,false,true],[32,5,1,true,false,false],[32,57,0,true,false,true],[33,5,1,true,false,false],[33,59,0,true,false,true],[34,5,1,true,false,false],[34,45,0,true,false,true],[35,1,0,false,true,false],[35,1,0,true,false,true],[36,5,1,true,false,false],[36,135,0,true,false,true],[37,1,0,false,true,false],[37,1,0,true,false,true],[38,5,1,true,false,false],[42,1,0,false,true,false],[42,1,1,true,false,false],[43,59,0,true,false,true],[44,5,1,true,false,false],[44,63,0,true,false,true],[45,5,1,true,false,false],[45,65,0,true,false,true],[46,5,1,true,false,false],[46,51,0,true,false,true],[47,1,0,false,true,false],[47,1,0,true,false,true],[48,5,1,true,false,false],[49,2,0,false,false,false],[51,29,1,true,true,false],[52,1,0,false,true,false],[55,1,1,true,false,false],[59,1,0,false,true,false],[61,1,1,true,false,false],[63,31,0,true,false,true],[64,5,1,true,false,false],[65,31,0,true,false,true],[66,1,0,false,true,false],[68,1,0,true,false,true],[69,5,1,true,false,false],[70,31,0,true,false,true],[71,1,0,false,true,false],[73,1,0,true,false,true],[74,5,1,true,false,false],[75,31,0,true,false,true],[76,1,0,false,true,false],[76,1,0,true,false,true],[77,5,1,true,false,false],[78,45,0,true,false,true],[79,5,1,true,false,false],[79,49,0,true,false,true],[80,5,1,true,false,false],[80,51,0,true,false,true],[81,5,1,true,false,false],[81,37,0,true,false,true],[82,1,0,false,true,false],[85,1,0,true,false,true],[86,5,1,true,false,false],[86,51,0,true,false,true],[87,1,0,false,true,false],[91,1,0,true,false,true],[92,5,1,true,false,false],[93,1,0,false,true,false],[95,1,1,true,false,false],[98,33,0,true,false,true],[99,1,0,false,true,false],[99,1,0,true,false,true],[100,5,1,true,false,false],[101,33,0,true,false,true],[102,1,0,false,true,false],[104,1,0,true,false,true],[105,5,1,true,false,false],[107,1,0,false,true,false],[107,1,1,true,false,false],[109,1,0,false,true,false],[109,1,1,true,false,false],[110,9,1,true,true,false],[113,6,1,true,false,false],[113,39,1,true,true,false],[113,41,0,true,false,true],[114,1,0,false,true,false],[116,1,0,true,false,true],[117,5,1,true,true,false],[118,39,0,true,false,true],[119,5,1,true,false,false],[120,39,0,true,false,true],[121,1,0,false,true,false],[123,1,0,true,false,true],[124,5,1,true,false,false],[125,39,0,true,false,true],[126,1,0,false,true,false],[128,1,0,true,false,true],[129,5,1,true,false,false],[130,39,0,true,false,true],[131,1,0,false,true,false],[131,1,0,true,false,true],[132,5,1,true,false,false],[134,1,0,false,true,false],[136,1,1,true,false,false],[138,1,0,false,true,false],[138,1,1,true,false,false],[139,9,1,true,true,false],[142,6,1,true,false,false],[142,39,1,true,true,false],[144,6,0,true,false,true],[145,1,0,false,true,false],[145,1,0,true,false,true],[146,5,1,true,true,false],[147,2,0,false,false,false],[149,28,1,true,true,false],[153,1,0,false,true,false],[153,1,1,true,false,false],[159,1,0,false,true,false],[159,1,1,true,false,false],[161,1,0,false,true,false],[161,1,1,true,false,false],[162,9,1,true,true,false],[165,6,1,true,false,false],[166,37,1,true,true,false],[170,6,0,true,false,true],[171,1,0,false,true,false],[171,1,0,true,false,true],[172,5,1,true,true,false],[173,2,0,false,false,false],[175,26,1,true,true,false],[179,1,0,false,true,false],[181,1,1,true,false,false],[183,46,0,true,false,true],[184,5,1,true,false,false],[184,31,0,true,false,true],[185,5,1,true,false,false],[185,9,1,true,true,false],[188,6,1,true,false,false],[188,39,1,true,true,false],[189,50,0,true,false,true],[190,9,1,true,false,false],[191,6,0,true,false,true],[192,1,0,false,true,false],[194,1,0,true,false,true],[195,5,1,true,true,false],[196,46,0,true,false,true],[197,1,0,false,true,false],[197,1,0,true,false,true],[198,5,1,true,false,false],[199,50,0,true,false,true],[200,5,1,true,false,false],[200,60,0,true,false,true],[201,5,1,true,false,false],[201,62,0,true,false,true],[202,5,1,true,false,false],[202,48,0,true,false,true],[203,1,0,false,true,false],[203,1,0,true,false,true],[204,5,1,true,false,false],[204,9,1,true,true,false],[207,6,1,true,false,false],[207,39,1,true,true,false],[208,50,0,true,false,true],[209,1,0,false,true,false],[209,1,0,true,false,true],[210,9,1,true,false,false],[211,49,0,true,false,true],[212,9,1,true,false,false],[212,59,0,true,false,true],[213,9,1,true,false,false],[213,61,0,true,false,true],[214,9,1,true,false,false],[215,6,0,true,false,true],[216,1,0,false,true,false],[218,1,0,true,false,true],[219,5,1,true,true,false],[220,42,0,true,false,true],[221,1,0,false,true,false],[221,1,0,true,false,true],[222,5,1,true,false,false],[222,9,1,true,true,false],[226,6,1,true,false,false],[226,39,1,true,true,false],[228,6,0,true,false,true],[229,1,0,false,true,false],[231,1,0,true,false,true],[232,5,1,true,true,false],[233,25,0,true,false,true],[234,1,0,false,true,false],[234,1,0,true,false,true],[235,5,1,true,false,false],[236,29,0,true,false,true],[237,1,0,false,true,false],[239,1,0,true,false,true],[240,5,1,true,false,false],[242,1,0,false,true,false],[242,1,1,true,false,false],[244,31,0,true,false,true],[245,1,0,false,true,false],[245,1,0,true,false,true],[246,5,1,true,false,false],[247,27,0,true,false,true],[248,1,0,false,true,false],[250,1,0,true,false,true],[251,5,1,true,false,false],[254,1,0,false,true,false],[254,1,1,true,false,false],[255,95,1,true,true,false],[257,6,1,true,false,false],[258,1,0,false,true,false],[258,1,1,true,false,false],[259,31,0,true,false,true],[260,5,1,true,false,false],[260,48,0,true,false,true],[261,5,1,true,false,false],[261,52,0,true,false,true],[262,5,1,true,false,false],[262,54,0,true,false,true],[263,5,1,true,false,false],[263,40,0,true,false,true],[264,1,0,false,true,false],[266,1,0,true,false,true],[267,5,1,true,false,false],[268,47,0,true,false,true],[269,1,0,false,true,false],[269,1,0,true,false,true],[270,5,1,true,false,false],[271,47,0,true,false,true],[272,1,0,false,true,false],[272,1,0,true,false,true],[273,5,1,true,false,false],[274,9,1,true,true,false],[277,6,1,true,false,false],[277,39,1,true,true,false],[278,37,0,true,false,true],[279,9,1,true,false,false],[280,6,0,true,false,true],[281,1,0,false,true,false],[283,1,0,true,false,true],[284,5,1,true,true,false],[285,43,0,true,false,true],[286,1,0,false,true,false],[288,1,0,true,false,true],[289,5,1,true,false,false],[291,52,0,true,false,true],[292,1,0,false,true,false],[292,1,0,true,false,true],[293,5,1,true,false,false],[297,1,0,false,true,false],[297,1,1,true,false,false],[299,56,0,true,false,true],[300,1,0,false,true,false],[300,1,0,true,false,true],[301,5,1,true,false,false],[304,1,0,false,true,false],[304,1,1,true,false,false],[305,9,1,true,true,false],[308,6,1,true,false,false],[308,39,1,true,true,false],[310,6,0,true,false,true],[311,1,0,false,true,false],[311,1,0,true,false,true],[312,5,1,true,true,false],[312,9,1,true,true,false],[315,6,1,true,false,false],[315,39,1,true,true,false],[317,6,0,true,false,true],[318,1,0,false,true,false],[320,1,0,true,false,true],[321,5,1,true,true,false],[325,1,0,false,true,false],[325,1,1,true,false,false],[327,1,0,false,true,false],[327,1,1,true,false,false],[328,39,0,true,false,true],[329,5,1,true,false,false],[329,33,0,true,false,true],[330,1,0,false,true,false],[333,1,0,true,false,true],[334,5,1,true,false,false],[337,1,0,false,true,false],[337,1,1,true,false,false],[340,52,0,true,false,true],[341,5,1,true,false,false],[342,52,0,true,false,true],[343,1,0,false,true,false],[343,1,0,true,false,true],[344,5,1,true,false,false],[345,48,0,true,false,true],[346,5,1,true,false,false],[347,52,0,true,false,true],[348,1,0,false,true,false],[348,1,0,true,false,true],[349,5,1,true,false,false],[351,52,0,true,false,true],[352,5,1,true,false,false],[352,69,0,true,false,true],[353,5,1,true,false,false],[353,73,0,true,false,true],[354,5,1,true,false,false],[354,75,0,true,false,true],[355,5,1,true,false,false],[355,61,0,true,false,true],[356,1,0,false,true,false],[356,1,0,true,false,true],[357,5,1,true,false,false],[358,48,0,true,false,true],[359,1,0,false,true,false],[359,1,0,true,false,true],[360,5,1,true,false,false],[360,9,1,true,true,false],[363,6,1,true,false,false],[363,39,1,true,true,false],[365,6,0,true,false,true],[366,1,0,false,true,false],[366,1,0,true,false,true],[367,5,1,true,true,false],[368,2,0,false,false,false],[370,21,1,true,true,false],[376,6,0,false,false,false]],"summary":{"branches":{"count":0,"covered":0,"notcovered":0,"percent":0},"functions":{"count":7,"covered":7,"percent":100},"instantiations":{"count":7,"covered":7,"percent":100},"lines":{"count":246,"covered":186,"percent":75.609756097560975},"regions":{"count":37,"covered":37,"notcovered":0,"percent":100}}},{"branches":[],"expansions":[],"filename":"/Users/mihaiadomnitei/Desktop/oop/lab10/src/Undo.cpp","segments":[[3,121,9,true,true,false],[3,123,0,false,false,false],[5,24,2,true,true,false],[7,2,0,false,false,false],[9,127,5,true,true,false],[9,129,0,false,false,false],[11,27,1,true,true,false],[13,2,0,false,false,false],[15,127,2,true,true,false],[15,129,0,false,false,false],[17,27,1,true,true,false],[19,2,0,false,false,false]],"summary":{"branches":{"count":0,"covered":0,"notcovered":0,"percent":0},"functions":{"count":6,"covered":6,"percent":100},"instantiations":{"count":6,"covered":6,"percent":100},"lines":{"count":12,"covered":12,"percent":100},"regions":{"count":6,"covered":6,"notcovered":0,"percent":100}}},{"branches":[[8,12,8,32,12,1,0,0,4],[8,36,8,53,12,0,0,0,4],[20,12,20,21,13,0,0,0,4],[20,25,20,38,12,1,0,0,4],[26,9,26,51,1,12,0,0,4],[30,9,30,55,1,12,0,0,4],[34,9,34,57,1,12,0,0,4],[38,9,38,43,1,12,0,0,4],[42,8,42,22,1,12,0,0,4]],"expansions":[],"filename":"/Users/mihaiadomnitei/Desktop/oop/lab10/src/Validator.cpp","segments":[[7,62,13,true,true,false],[8,12,13,true,true,false],[8,32,13,true,false,false],[8,36,12,true,true,false],[8,53,13,true,false,false],[9,2,0,false,false,false],[11,66,13,true,true,false],[13,2,0,false,false,false],[15,68,13,true,true,false],[17,2,0,false,false,false],[19,39,13,true,true,false],[20,12,13,true,true,false],[20,21,13,true,false,false],[20,25,13,true,true,false],[20,38,13,true,false,false],[21,2,0,false,false,false],[23,66,13,true,true,false],[25,1,0,false,true,false],[25,1,13,true,false,false],[26,9,13,true,true,false],[26,51,13,true,false,false],[26,52,1,true,false,true],[26,53,1,true,true,false],[28,6,13,true,false,false],[29,1,0,false,true,false],[29,1,13,true,false,false],[30,9,13,true,true,false],[30,55,13,true,false,false],[30,56,1,true,false,true],[30,57,1,true,true,false],[32,6,13,true,false,false],[33,1,0,false,true,false],[33,1,13,true,false,false],[34,9,13,true,true,false],[34,57,13,true,false,false],[34,58,1,true,false,true],[34,59,1,true,true,false],[36,6,13,true,false,false],[37,1,0,false,true,false],[37,1,13,true,false,false],[38,9,13,true,true,false],[38,43,13,true,false,false],[38,44,1,true,false,true],[38,45,1,true,true,false],[40,6,13,true,false,false],[41,1,0,false,true,false],[41,1,13,true,false,false],[42,8,13,true,true,false],[42,22,13,true,false,false],[42,23,1,true,true,false],[44,6,13,true,false,false],[45,2,0,false,false,false]],"summary":{"branches":{"count":18,"covered":16,"notcovered":2,"percent":88.888888888888886},"functions":{"count":5,"covered":5,"percent":100},"instantiations":{"count":5,"covered":5,"percent":100},"lines":{"count":30,"covered":30,"percent":100},"regions":{"count":19,"covered":19,"notcovered":0,"percent":100}}},{"branches":[],"expansions":[],"filename":"/Users/mihaiadomnitei/Desktop/oop/lab10/src/main.cpp","segments":[[6,34,1,true,true,false],[8,1,0,false,true,false],[8,1,1,true,false,false],[11,1,0,false,true,false],[11,1,1,true,false,false],[14,1,0,false,true,false],[14,1,1,true,false,false],[16,1,0,false,true,false],[17,34,1,true,false,false],[20,1,0,false,true,false],[20,1,1,true,false,false],[22,2,0,false,false,false]],"summary":{"branches":{"count":0,"covered":0,"notcovered":0,"percent":0},"functions":{"count":1,"covered":1,"percent":100},"instantiations":{"count":1,"covered":1,"percent":100},"lines":{"count":11,"covered":11,"percent":100},"regions":{"count":1,"covered":1,"notcovered":0,"percent":100}}}],"functions":[{"branches":[[107,9,107,44,0,0,0,0,4],[111,9,111,15,0,0,0,0,4],[112,9,112,15,0,0,0,0,4],[113,9,113,15,0,0,0,0,4],[114,9,114,15,0,0,0,0,4],[115,9,115,15,0,0,0,0,4],[116,9,116,16,0,0,0,0,4]],"count":0,"filenames":["/Users/mihaiadomnitei/Desktop/oop/lab10/cmake-build-debug-coverage/lab10_autogen/6YEA5652QU/moc_Gui.cpp"],"name":"_ZN3GUI18qt_static_metacallEP7QObjectN11QMetaObject4CallEiPPv","regions":[[106,1,120,2,0,0,0,0],[107,9,107,44,0,0,0,0],[107,45,107,46,0,0,0,3],[107,46,118,6,0,0,0,0],[110,22,116,19,0,0,0,3],[111,9,111,39,0,0,0,0],[111,40,112,9,0,0,0,3],[112,9,112,39,0,0,0,0],[112,40,113,9,0,0,0,3],[113,9,113,44,0,0,0,0],[113,45,114,9,0,0,0,3],[114,9,114,40,0,0,0,0],[114,41,115,9,0,0,0,3],[115,9,115,42,0,0,0,0],[115,43,116,9,0,0,0,3],[116,9,116,19,0,0,0,0],[118,6,119,5,0,0,0,3],[119,5,120,2,0,0,0,0]]},{"branches":[[124,12,124,38,0,208,0,0,4]],"count":208,"filenames":["/Users/mihaiadomnitei/Desktop/oop/lab10/cmake-build-debug-coverage/lab10_autogen/6YEA5652QU/moc_Gui.cpp"],"name":"_ZNK3GUI10metaObjectEv","regions":[[123,1,125,2,208,0,0,0],[124,12,124,38,208,0,0,0],[124,40,124,41,0,0,0,3],[124,41,124,76,0,0,0,0],[124,79,124,96,208,0,0,0]]},{"branches":[[129,9,129,17,0,16,0,0,4],[130,9,130,74,0,16,0,0,4]],"count":16,"filenames":["/Users/mihaiadomnitei/Desktop/oop/lab10/cmake-build-debug-coverage/lab10_autogen/6YEA5652QU/moc_Gui.cpp"],"name":"_ZN3GUI11qt_metacastEPKc","regions":[[128,1,133,2,16,0,0,0],[129,9,129,17,16,0,0,0],[129,18,129,19,0,0,0,3],[129,19,129,33,0,0,0,0],[129,34,130,5,16,0,0,3],[130,5,133,2,16,0,0,0],[130,9,130,74,16,0,0,0],[130,75,131,9,0,0,0,3],[131,9,131,40,0,0,0,0],[131,41,132,5,16,0,0,3],[132,5,132,41,16,0,0,0]]},{"branches":[[138,9,138,16,0,0,0,0,4],[140,9,140,44,0,0,0,0,4],[141,13,141,20,0,0,0,0,4],[144,16,144,65,0,0,0,0,4],[145,13,145,20,0,0,0,0,4]],"count":0,"filenames":["/Users/mihaiadomnitei/Desktop/oop/lab10/cmake-build-debug-coverage/lab10_autogen/6YEA5652QU/moc_Gui.cpp"],"name":"_ZN3GUI11qt_metacallEN11QMetaObject4CallEiPPv","regions":[[136,1,150,2,0,0,0,0],[138,9,138,16,0,0,0,0],[138,17,139,9,0,0,0,3],[139,9,139,19,0,0,0,0],[139,20,140,5,0,0,0,3],[140,5,149,15,0,0,0,0],[140,9,140,44,0,0,0,0],[140,45,140,46,0,0,0,3],[140,46,144,6,0,0,0,0],[141,13,141,20,0,0,0,0],[141,21,142,13,0,0,0,3],[142,13,142,50,0,0,0,0],[144,6,144,12,0,0,0,3],[144,12,148,6,0,0,0,0],[144,16,144,65,0,0,0,0],[144,66,144,67,0,0,0,3],[144,67,148,6,0,0,0,0],[145,13,145,20,0,0,0,0],[145,21,146,13,0,0,0,3],[146,13,146,64,0,0,0,0]]},{"branches":[],"count":2,"filenames":["/Users/mihaiadomnitei/Desktop/oop/lab10/include/Repository.hpp"],"name":"_ZN15RepositoryErrorC2ERKNSt3__112basic_stringIcNS0_11char_traitsIcEENS0_9allocatorIcEEEE","regions":[[10,88,10,90,2,0,0,0]]},{"branches":[],"count":7,"filenames":["/Users/mihaiadomnitei/Desktop/oop/lab10/include/Service.hpp"],"name":"_ZN12ServiceErrorC2ERKNSt3__112basic_stringIcNS0_11char_traitsIcEENS0_9allocatorIcEEEE","regions":[[11,85,11,87,7,0,0,0]]},{"branches":[],"count":0,"filenames":["/Users/mihaiadomnitei/Desktop/oop/lab10/src/Console.cpp"],"name":"_ZN7ConsoleC2ER7Service","regions":[[7,55,7,57,0,0,0,0]]},{"branches":[],"count":0,"filenames":["/Users/mihaiadomnitei/Desktop/oop/lab10/src/Console.cpp"],"name":"_ZN7Console9printMenuEv","regions":[[9,27,22,2,0,0,0,0]]},{"branches":[[27,9,27,32,0,0,0,0,4],[32,39,32,40,0,0,0,0,4]],"count":0,"filenames":["/Users/mihaiadomnitei/Desktop/oop/lab10/src/Console.cpp"],"name":"_ZN7Console18uiPrintMedicamenteEv","regions":[[24,36,35,2,0,0,0,0],[26,1,26,1,0,0,0,2],[27,9,27,32,0,0,0,0],[27,33,27,34,0,0,0,3],[27,34,29,6,0,0,0,0],[29,6,31,5,0,0,0,3],[30,1,30,1,0,0,0,2],[31,5,35,2,0,0,0,0],[32,57,32,58,0,0,0,3],[32,58,34,6,0,0,0,0]]},{"branches":[[53,9,53,24,0,0,0,0,4]],"count":0,"filenames":["/Users/mihaiadomnitei/Desktop/oop/lab10/src/Console.cpp"],"name":"_ZN7Console15uiAddMedicamentEv","regions":[[37,33,61,2,0,0,0,0],[40,1,40,1,0,0,0,2],[43,1,43,1,0,0,0,2],[46,1,46,1,0,0,0,2],[49,1,49,1,0,0,0,2],[52,1,52,1,0,0,0,2],[53,9,53,24,0,0,0,0],[53,25,53,26,0,0,0,3],[53,26,57,6,0,0,0,0],[57,6,59,5,0,0,0,3],[58,1,58,1,0,0,0,2],[59,5,61,2,0,0,0,0]]},{"branches":[[81,9,81,24,0,0,0,0,4]],"count":0,"filenames":["/Users/mihaiadomnitei/Desktop/oop/lab10/src/Console.cpp"],"name":"_ZN7Console18uiUpdateMedicamentEv","regions":[[63,36,90,2,0,0,0,0],[66,1,66,1,0,0,0,2],[69,1,69,1,0,0,0,2],[71,1,71,1,0,0,0,2],[74,1,74,1,0,0,0,2],[77,1,77,1,0,0,0,2],[80,1,80,1,0,0,0,2],[81,9,81,24,0,0,0,0],[81,25,81,26,0,0,0,3],[81,26,85,6,0,0,0,0],[85,6,87,5,0,0,0,3],[86,1,86,1,0,0,0,2],[87,5,90,2,0,0,0,0],[89,1,89,1,0,0,0,2]]},{"branches":[],"count":0,"filenames":["/Users/mihaiadomnitei/Desktop/oop/lab10/src/Console.cpp"],"name":"_ZN7Console18uiDeleteMedicamentEv","regions":[[92,36,100,2,0,0,0,0],[94,1,94,1,0,0,0,2],[97,1,97,1,0,0,0,2]]},{"branches":[[110,9,110,34,0,0,0,0,4],[115,39,115,40,0,0,0,0,4]],"count":0,"filenames":["/Users/mihaiadomnitei/Desktop/oop/lab10/src/Console.cpp"],"name":"_ZN7Console16uiFindMedicamentEv","regions":[[102,34,118,2,0,0,0,0],[104,1,104,1,0,0,0,2],[107,1,107,1,0,0,0,2],[109,1,109,1,0,0,0,2],[110,9,110,34,0,0,0,0],[110,35,110,36,0,0,0,3],[110,36,112,6,0,0,0,0],[112,6,114,5,0,0,0,3],[113,1,113,1,0,0,0,2],[114,5,118,2,0,0,0,0],[115,59,115,60,0,0,0,3],[115,60,117,6,0,0,0,0]]},{"branches":[[126,9,126,24,0,0,0,0,4],[134,9,134,37,0,0,0,0,4],[139,39,139,40,0,0,0,0,4]],"count":0,"filenames":["/Users/mihaiadomnitei/Desktop/oop/lab10/src/Console.cpp"],"name":"_ZN7Console19uiFilterMedicamenteEv","regions":[[120,37,142,2,0,0,0,0],[122,1,122,1,0,0,0,2],[125,1,125,1,0,0,0,2],[126,9,126,24,0,0,0,0],[126,25,126,26,0,0,0,3],[126,26,130,6,0,0,0,0],[130,6,132,5,0,0,0,3],[131,1,131,1,0,0,0,2],[132,5,142,2,0,0,0,0],[133,1,133,1,0,0,0,2],[134,9,134,37,0,0,0,0],[134,38,134,39,0,0,0,3],[134,39,136,6,0,0,0,0],[136,6,138,5,0,0,0,3],[137,1,137,1,0,0,0,2],[138,5,142,2,0,0,0,0],[139,62,139,63,0,0,0,3],[139,63,141,6,0,0,0,0]]},{"branches":[[149,9,149,35,0,0,0,0,4],[154,39,154,40,0,0,0,0,4]],"count":0,"filenames":["/Users/mihaiadomnitei/Desktop/oop/lab10/src/Console.cpp"],"name":"_ZN7Console17uiSortMedicamenteEv","regions":[[144,35,157,2,0,0,0,0],[148,1,148,1,0,0,0,2],[149,9,149,35,0,0,0,0],[149,36,149,37,0,0,0,3],[149,37,151,6,0,0,0,0],[151,6,153,5,0,0,0,3],[152,1,152,1,0,0,0,2],[153,5,157,2,0,0,0,0],[154,60,154,61,0,0,0,3],[154,61,156,6,0,0,0,0]]},{"branches":[[162,9,162,23,0,0,0,0,4],[167,24,167,25,0,0,0,0,4]],"count":0,"filenames":["/Users/mihaiadomnitei/Desktop/oop/lab10/src/Console.cpp"],"name":"_ZN7Console12uiShowRaportEv","regions":[[159,30,170,2,0,0,0,0],[161,1,161,1,0,0,0,2],[162,9,162,23,0,0,0,0],[162,24,162,25,0,0,0,3],[162,25,164,6,0,0,0,0],[164,6,166,5,0,0,0,3],[165,1,165,1,0,0,0,2],[166,5,170,2,0,0,0,0],[167,33,167,34,0,0,0,3],[167,34,169,6,0,0,0,0]]},{"branches":[],"count":0,"filenames":["/Users/mihaiadomnitei/Desktop/oop/lab10/src/Console.cpp"],"name":"_ZN7Console6uiUndoEv","regions":[[172,24,175,2,0,0,0,0]]},{"branches":[[184,13,184,28,0,0,0,0,4],[188,20,188,43,0,0,0,0,4]],"count":0,"filenames":["/Users/mihaiadomnitei/Desktop/oop/lab10/src/Console.cpp"],"name":"_ZN7Console12getUserInputEv","regions":[[177,30,197,2,0,0,0,0],[179,1,179,1,0,0,0,2],[180,12,180,16,0,0,0,0],[180,17,180,18,0,0,0,3],[180,18,196,6,0,0,0,0],[183,1,183,1,0,0,0,2],[184,13,184,28,0,0,0,0],[184,29,184,30,0,0,0,3],[184,30,188,10,0,0,0,0],[188,10,188,16,0,0,0,3],[188,16,195,10,0,0,0,0],[188,20,188,43,0,0,0,0],[188,44,188,45,0,0,0,3],[188,45,192,10,0,0,0,0],[192,10,192,16,0,0,0,3],[192,16,195,10,0,0,0,0]]},{"branches":[[207,17,207,25,0,0,0,0,4],[211,17,211,25,0,0,0,0,4],[215,17,215,25,0,0,0,0,4],[219,17,219,25,0,0,0,0,4],[223,17,223,25,0,0,0,0,4],[227,17,227,25,0,0,0,0,4],[231,17,231,25,0,0,0,0,4],[235,17,235,25,0,0,0,0,4],[239,17,239,25,0,0,0,0,4],[243,17,243,25,0,0,0,0,4],[247,17,247,25,0,0,0,0,4],[251,17,251,24,0,0,0,0,4]],"count":0,"filenames":["/Users/mihaiadomnitei/Desktop/oop/lab10/src/Console.cpp"],"name":"_ZN7Console3runEv","regions":[[199,21,260,2,0,0,0,0],[200,12,200,16,0,0,0,0],[200,17,200,18,0,0,0,3],[200,18,259,6,0,0,0,0],[202,1,202,1,0,0,0,2],[203,13,255,10,0,0,0,0],[205,1,205,1,0,0,0,2],[206,29,253,18,0,0,0,3],[207,17,209,26,0,0,0,0],[210,18,211,17,0,0,0,3],[211,17,213,26,0,0,0,0],[214,18,215,17,0,0,0,3],[215,17,217,26,0,0,0,0],[218,18,219,17,0,0,0,3],[219,17,221,26,0,0,0,0],[222,18,223,17,0,0,0,3],[223,17,225,26,0,0,0,0],[226,18,227,17,0,0,0,3],[227,17,229,26,0,0,0,0],[230,18,231,17,0,0,0,3],[231,17,233,26,0,0,0,0],[234,18,235,17,0,0,0,3],[235,17,237,26,0,0,0,0],[238,18,239,17,0,0,0,3],[239,17,241,26,0,0,0,0],[242,18,243,17,0,0,0,3],[243,17,245,26,0,0,0,0],[246,18,247,17,0,0,0,3],[247,17,249,27,0,0,0,0],[250,18,251,17,0,0,0,3],[251,17,253,18,0,0,0,0],[256,42,258,10,0,0,0,0]]},{"branches":[],"count":0,"filenames":["/Users/mihaiadomnitei/Desktop/oop/lab10/include/Console.hpp"],"name":"_ZN7UiErrorC2ERKNSt3__112basic_stringIcNS0_11char_traitsIcEENS0_9allocatorIcEEEE","regions":[[10,80,10,82,0,0,0,0]]},{"branches":[],"count":0,"filenames":["/Users/mihaiadomnitei/Desktop/oop/lab10/src/Console.cpp"],"name":"Console.cpp:_ZZN7Console17uiSortMedicamenteEvENK3$_0clERK10MedicamentS3_","regions":[[145,107,147,6,0,0,0,0]]},{"branches":[],"count":0,"filenames":["/Users/mihaiadomnitei/Desktop/oop/lab10/src/ConsoleRecipe.cpp"],"name":"_ZN7Console15printRecipeMenuEv","regions":[[4,33,13,2,0,0,0,0]]},{"branches":[[18,9,18,27,0,0,0,0,4],[23,39,23,40,0,0,0,0,4]],"count":0,"filenames":["/Users/mihaiadomnitei/Desktop/oop/lab10/src/ConsoleRecipe.cpp"],"name":"_ZN7Console13uiPrintRecipeEv","regions":[[15,31,26,2,0,0,0,0],[17,1,17,1,0,0,0,2],[18,9,18,27,0,0,0,0],[18,28,18,29,0,0,0,3],[18,29,20,6,0,0,0,0],[20,6,22,5,0,0,0,3],[21,1,21,1,0,0,0,2],[22,5,26,2,0,0,0,0],[23,52,23,53,0,0,0,3],[23,53,25,6,0,0,0,0]]},{"branches":[],"count":0,"filenames":["/Users/mihaiadomnitei/Desktop/oop/lab10/src/ConsoleRecipe.cpp"],"name":"_ZN7Console13uiAddToRecipeEv","regions":[[28,31,36,2,0,0,0,0],[30,1,30,1,0,0,0,2],[33,1,33,1,0,0,0,2]]},{"branches":[],"count":0,"filenames":["/Users/mihaiadomnitei/Desktop/oop/lab10/src/ConsoleRecipe.cpp"],"name":"_ZN7Console28uiDeleteAllMedicamentsRecipeEv","regions":[[38,46,41,2,0,0,0,0]]},{"branches":[[49,9,49,24,0,0,0,0,4]],"count":0,"filenames":["/Users/mihaiadomnitei/Desktop/oop/lab10/src/ConsoleRecipe.cpp"],"name":"_ZN7Console22uiPopulateRandomRecipeEv","regions":[[43,40,57,2,0,0,0,0],[45,1,45,1,0,0,0,2],[48,1,48,1,0,0,0,2],[49,9,49,24,0,0,0,0],[49,25,49,26,0,0,0,3],[49,26,53,6,0,0,0,0],[53,6,55,5,0,0,0,3],[54,1,54,1,0,0,0,2],[55,5,57,2,0,0,0,0]]},{"branches":[],"count":0,"filenames":["/Users/mihaiadomnitei/Desktop/oop/lab10/src/ConsoleRecipe.cpp"],"name":"_ZN7Console14uiExportToHTMLEv","regions":[[59,32,62,2,0,0,0,0]]},{"branches":[],"count":0,"filenames":["/Users/mihaiadomnitei/Desktop/oop/lab10/src/ConsoleRecipe.cpp"],"name":"_ZN7Console13uiExportToCSVEv","regions":[[64,31,67,2,0,0,0,0]]},{"branches":[[75,9,75,17,0,0,0,0,4],[79,9,79,17,0,0,0,0,4],[83,9,83,17,0,0,0,0,4],[87,9,87,17,0,0,0,0,4],[91,9,91,17,0,0,0,0,4],[95,9,95,17,0,0,0,0,4],[99,9,99,17,0,0,0,0,4],[102,9,102,16,0,0,0,0,4]],"count":0,"filenames":["/Users/mihaiadomnitei/Desktop/oop/lab10/src/ConsoleRecipe.cpp"],"name":"_ZN7Console12uiRecipeMenuEv","regions":[[69,30,106,2,0,0,0,0],[71,1,71,1,0,0,0,2],[73,1,73,1,0,0,0,2],[74,21,104,10,0,0,0,3],[75,9,77,18,0,0,0,0],[78,10,79,9,0,0,0,3],[79,9,81,18,0,0,0,0],[82,10,83,9,0,0,0,3],[83,9,85,18,0,0,0,0],[86,10,87,9,0,0,0,3],[87,9,89,18,0,0,0,0],[90,10,91,9,0,0,0,3],[91,9,93,18,0,0,0,0],[94,10,95,9,0,0,0,3],[95,9,97,18,0,0,0,0],[98,10,99,9,0,0,0,3],[99,9,100,19,0,0,0,0],[101,10,102,9,0,0,0,3],[102,9,104,10,0,0,0,0]]},{"branches":[],"count":1,"filenames":["/Users/mihaiadomnitei/Desktop/oop/lab10/src/main.cpp"],"name":"main","regions":[[6,34,22,2,1,0,0,0],[8,1,8,1,0,0,0,2],[11,1,11,1,0,0,0,2],[14,1,14,1,0,0,0,2],[16,1,17,34,0,0,0,2],[20,1,20,1,0,0,0,2]]},{"branches":[],"count":4,"filenames":["/Users/mihaiadomnitei/Desktop/oop/lab10/include/Repository.hpp"],"name":"_ZN6RecipeC2Ev","regions":[[90,22,90,23,4,0,0,0]]},{"branches":[],"count":6,"filenames":["/Users/mihaiadomnitei/Desktop/oop/lab10/include/Repository.hpp"],"name":"_ZN13FarmacyVectorD2Ev","regions":[[37,39,37,40,6,0,0,0]]},{"branches":[],"count":8,"filenames":["/Users/mihaiadomnitei/Desktop/oop/lab10/include/Repository.hpp"],"name":"_ZN15AbstractFarmacyD2Ev","regions":[[20,40,20,41,8,0,0,0]]},{"branches":[],"count":19,"filenames":["/Users/mihaiadomnitei/Desktop/oop/lab10/src/Medicament.cpp"],"name":"_ZN10MedicamentC2ENSt3__112basic_stringIcNS0_11char_traitsIcEENS0_9allocatorIcEEEES6_S6_i","regions":[[13,125,15,2,19,0,0,0],[14,1,14,33,0,0,0,2]]},{"branches":[],"count":1,"filenames":["/Users/mihaiadomnitei/Desktop/oop/lab10/src/Medicament.cpp"],"name":"_ZNK10Medicament10intoStringEv","regions":[[18,44,22,2,1,0,0,0]]},{"branches":[],"count":80,"filenames":["/Users/mihaiadomnitei/Desktop/oop/lab10/src/Medicament.cpp"],"name":"_ZNK10Medicament11getDenumireEv","regions":[[26,45,28,2,80,0,0,0]]},{"branches":[],"count":54,"filenames":["/Users/mihaiadomnitei/Desktop/oop/lab10/src/Medicament.cpp"],"name":"_ZNK10Medicament13getProducatorEv","regions":[[30,47,32,2,54,0,0,0]]},{"branches":[],"count":51,"filenames":["/Users/mihaiadomnitei/Desktop/oop/lab10/src/Medicament.cpp"],"name":"_ZNK10Medicament14getSubstActivaEv","regions":[[34,48,36,2,51,0,0,0]]},{"branches":[],"count":55,"filenames":["/Users/mihaiadomnitei/Desktop/oop/lab10/src/Medicament.cpp"],"name":"_ZNK10Medicament7getPretEv","regions":[[38,33,40,2,55,0,0,0]]},{"branches":[],"count":1,"filenames":["/Users/mihaiadomnitei/Desktop/oop/lab10/src/Medicament.cpp"],"name":"_ZN10Medicament11setDenumireERKNSt3__112basic_stringIcNS0_11char_traitsIcEENS0_9allocatorIcEEEE","regions":[[44,80,46,2,1,0,0,0]]},{"branches":[],"count":1,"filenames":["/Users/mihaiadomnitei/Desktop/oop/lab10/src/Medicament.cpp"],"name":"_ZN10Medicament13setProducatorERKNSt3__112basic_stringIcNS0_11char_traitsIcEENS0_9allocatorIcEEEE","regions":[[48,84,50,2,1,0,0,0]]},{"branches":[],"count":1,"filenames":["/Users/mihaiadomnitei/Desktop/oop/lab10/src/Medicament.cpp"],"name":"_ZN10Medicament14setSubstActivaERKNSt3__112basic_stringIcNS0_11char_traitsIcEENS0_9allocatorIcEEEE","regions":[[52,86,54,2,1,0,0,0]]},{"branches":[],"count":1,"filenames":["/Users/mihaiadomnitei/Desktop/oop/lab10/src/Medicament.cpp"],"name":"_ZN10Medicament7setPretEi","regions":[[56,57,58,2,1,0,0,0]]},{"branches":[],"count":13,"filenames":["/Users/mihaiadomnitei/Desktop/oop/lab10/src/Repository.cpp"],"name":"_ZN13FarmacyVector14getMedicamenteEv","regions":[[12,57,14,2,13,0,0,0]]},{"branches":[],"count":8,"filenames":["/Users/mihaiadomnitei/Desktop/oop/lab10/src/Repository.cpp"],"name":"_ZNK13FarmacyVector6getLenEv","regions":[[16,38,18,2,8,0,0,0]]},{"branches":[],"count":10,"filenames":["/Users/mihaiadomnitei/Desktop/oop/lab10/src/Repository.cpp"],"name":"_ZN13FarmacyVector13addMedicamentERK10Medicament","regions":[[20,65,22,2,10,0,0,0]]},{"branches":[],"count":5,"filenames":["/Users/mihaiadomnitei/Desktop/oop/lab10/src/Repository.cpp"],"name":"_ZN13FarmacyVector16deleteMedicamentERKNSt3__112basic_stringIcNS0_11char_traitsIcEENS0_9allocatorIcEEEE","regions":[[24,73,32,2,5,0,0,0],[28,1,28,1,0,0,0,2]]},{"branches":[],"count":4,"filenames":["/Users/mihaiadomnitei/Desktop/oop/lab10/src/Repository.cpp"],"name":"_ZN13FarmacyVector16updateMedicamentERKNSt3__112basic_stringIcNS0_11char_traitsIcEENS0_9allocatorIcEEEERK10Medicament","regions":[[34,107,42,2,4,0,0,0],[38,1,38,1,0,0,0,2]]},{"branches":[],"count":5,"filenames":["/Users/mihaiadomnitei/Desktop/oop/lab10/src/Repository.cpp"],"name":"_ZN13FarmacyVector14findMedicamentERKNSt3__112basic_stringIcNS0_11char_traitsIcEENS0_9allocatorIcEEEE","regions":[[44,65,50,2,5,0,0,0],[48,1,48,1,0,0,0,2]]},{"branches":[],"count":2,"filenames":["/Users/mihaiadomnitei/Desktop/oop/lab10/src/Repository.cpp"],"name":"_ZN11FarmacyDictC2Ed","regions":[[56,73,56,75,2,0,0,0]]},{"branches":[[63,27,63,28,72,42,0,0,4]],"count":42,"filenames":["/Users/mihaiadomnitei/Desktop/oop/lab10/src/Repository.cpp"],"name":"_ZN11FarmacyDict14getMedicamenteEv","regions":[[58,55,68,2,42,0,0,0],[60,1,60,1,0,0,0,2],[62,1,62,1,0,0,0,2],[63,35,63,36,72,0,0,3],[63,36,65,6,72,0,0,0],[66,1,66,1,0,0,0,2]]},{"branches":[],"count":8,"filenames":["/Users/mihaiadomnitei/Desktop/oop/lab10/src/Repository.cpp"],"name":"_ZNK11FarmacyDict6getLenEv","regions":[[70,36,72,2,8,0,0,0]]},{"branches":[],"count":8,"filenames":["/Users/mihaiadomnitei/Desktop/oop/lab10/src/Repository.cpp"],"name":"_ZN11FarmacyDict13addMedicamentERK10Medicament","regions":[[74,63,77,2,8,0,0,0]]},{"branches":[],"count":4,"filenames":["/Users/mihaiadomnitei/Desktop/oop/lab10/src/Repository.cpp"],"name":"_ZN11FarmacyDict16deleteMedicamentERKNSt3__112basic_stringIcNS0_11char_traitsIcEENS0_9allocatorIcEEEE","regions":[[79,71,86,2,4,0,0,0],[82,1,82,1,0,0,0,2]]},{"branches":[],"count":1,"filenames":["/Users/mihaiadomnitei/Desktop/oop/lab10/src/Repository.cpp"],"name":"_ZN11FarmacyDict16updateMedicamentERKNSt3__112basic_stringIcNS0_11char_traitsIcEENS0_9allocatorIcEEEERK10Medicament","regions":[[88,105,95,2,1,0,0,0],[91,1,91,1,0,0,0,2]]},{"branches":[],"count":18,"filenames":["/Users/mihaiadomnitei/Desktop/oop/lab10/src/Repository.cpp"],"name":"_ZN11FarmacyDict14findMedicamentERKNSt3__112basic_stringIcNS0_11char_traitsIcEENS0_9allocatorIcEEEE","regions":[[97,63,100,2,18,0,0,0]]},{"branches":[[107,9,107,36,1,72,0,0,4]],"count":73,"filenames":["/Users/mihaiadomnitei/Desktop/oop/lab10/src/Repository.cpp"],"name":"_ZNK11FarmacyDict10throwErrorEv","regions":[[102,38,110,2,73,0,0,0],[105,1,105,1,0,0,0,2],[107,9,107,36,73,0,0,0],[107,37,107,38,1,0,0,3],[107,38,109,6,1,0,0,0]]},{"branches":[[118,9,118,22,1,3,0,0,4],[123,12,123,34,3,3,0,0,4],[129,16,129,43,12,3,0,0,4],[133,13,133,30,3,0,0,0,4]],"count":4,"filenames":["/Users/mihaiadomnitei/Desktop/oop/lab10/src/Repository.cpp"],"name":"_ZN11FarmacyFile12loadFromFileEv","regions":[[116,34,144,2,4,0,0,0],[118,9,118,22,4,0,0,0],[118,23,118,24,1,0,0,3],[118,24,120,6,1,0,0,0],[120,6,122,5,3,0,0,3],[121,1,121,1,0,0,0,2],[122,5,144,2,3,0,0,0],[123,12,123,34,6,0,0,0],[123,35,123,36,3,0,0,3],[123,36,141,6,3,0,0,0],[125,1,125,1,0,0,0,2],[128,1,128,1,0,0,0,2],[129,16,129,43,15,0,0,0],[129,44,129,45,12,0,0,3],[129,45,131,10,12,0,0,0],[132,1,132,1,0,0,0,2],[133,13,133,30,3,0,0,0],[133,31,133,32,3,0,0,3],[133,32,140,10,3,0,0,0],[138,1,138,1,0,0,0,2],[142,1,142,1,0,0,0,2]]},{"branches":[[149,39,149,40,5,4,0,0,4]],"count":4,"filenames":["/Users/mihaiadomnitei/Desktop/oop/lab10/src/Repository.cpp"],"name":"_ZN11FarmacyFile11writeToFileEv","regions":[[146,33,157,2,4,0,0,0],[148,1,148,1,0,0,0,2],[149,47,149,48,5,0,0,3],[149,48,154,6,5,0,0,0],[155,1,155,1,0,0,0,2]]},{"branches":[],"count":4,"filenames":["/Users/mihaiadomnitei/Desktop/oop/lab10/src/Repository.cpp"],"name":"_ZN11FarmacyFileC2ENSt3__112basic_stringIcNS0_11char_traitsIcEENS0_9allocatorIcEEEE","regions":[[159,100,161,2,4,0,0,0]]},{"branches":[],"count":2,"filenames":["/Users/mihaiadomnitei/Desktop/oop/lab10/src/Repository.cpp"],"name":"_ZN11FarmacyFile13addMedicamentERK10Medicament","regions":[[163,63,166,2,2,0,0,0]]},{"branches":[],"count":1,"filenames":["/Users/mihaiadomnitei/Desktop/oop/lab10/src/Repository.cpp"],"name":"_ZN11FarmacyFile16deleteMedicamentERKNSt3__112basic_stringIcNS0_11char_traitsIcEENS0_9allocatorIcEEEE","regions":[[168,71,172,2,1,0,0,0]]},{"branches":[],"count":1,"filenames":["/Users/mihaiadomnitei/Desktop/oop/lab10/src/Repository.cpp"],"name":"_ZN11FarmacyFile16updateMedicamentERKNSt3__112basic_stringIcNS0_11char_traitsIcEENS0_9allocatorIcEEEERK10Medicament","regions":[[174,105,178,2,1,0,0,0]]},{"branches":[],"count":10,"filenames":["/Users/mihaiadomnitei/Desktop/oop/lab10/src/Repository.cpp"],"name":"_ZN6Recipe14getMedicamenteEv","regions":[[184,51,186,2,10,0,0,0]]},{"branches":[],"count":6,"filenames":["/Users/mihaiadomnitei/Desktop/oop/lab10/src/Repository.cpp"],"name":"_ZNK6Recipe6getLenEv","regions":[[188,31,190,2,6,0,0,0]]},{"branches":[],"count":28,"filenames":["/Users/mihaiadomnitei/Desktop/oop/lab10/src/Repository.cpp"],"name":"_ZN6Recipe13addMedicamentERK10Medicament","regions":[[192,58,194,2,28,0,0,0]]},{"branches":[],"count":3,"filenames":["/Users/mihaiadomnitei/Desktop/oop/lab10/src/Repository.cpp"],"name":"_ZN6Recipe20deleteAllMedicamenteEv","regions":[[196,37,198,2,3,0,0,0]]},{"branches":[],"count":8,"filenames":["/Users/mihaiadomnitei/Desktop/oop/lab10/include/Repository.hpp"],"name":"_ZN15AbstractFarmacyC2Ev","regions":[[19,31,19,32,8,0,0,0]]},{"branches":[],"count":2,"filenames":["/Users/mihaiadomnitei/Desktop/oop/lab10/include/Repository.hpp"],"name":"_ZN11FarmacyDictD2Ev","regions":[[56,37,56,38,2,0,0,0]]},{"branches":[],"count":6,"filenames":["/Users/mihaiadomnitei/Desktop/oop/lab10/src/Repository.cpp"],"name":"Repository.cpp:_ZZN13FarmacyVector16deleteMedicamentERKNSt3__112basic_stringIcNS0_11char_traitsIcEENS0_9allocatorIcEEEEENK3$_0clERK10Medicament","regions":[[25,98,27,6,6,0,0,0]]},{"branches":[],"count":4,"filenames":["/Users/mihaiadomnitei/Desktop/oop/lab10/src/Repository.cpp"],"name":"Repository.cpp:_ZZN13FarmacyVector16updateMedicamentERKNSt3__112basic_stringIcNS0_11char_traitsIcEENS0_9allocatorIcEEEERK10MedicamentENK3$_1clESB_","regions":[[35,98,37,6,4,0,0,0]]},{"branches":[],"count":4,"filenames":["/Users/mihaiadomnitei/Desktop/oop/lab10/src/Repository.cpp"],"name":"Repository.cpp:_ZZN13FarmacyVector14findMedicamentERKNSt3__112basic_stringIcNS0_11char_traitsIcEENS0_9allocatorIcEEEEENK3$_2clERK10Medicament","regions":[[45,98,47,6,4,0,0,0]]},{"branches":[],"count":7,"filenames":["/Users/mihaiadomnitei/Desktop/oop/lab10/include/Medicament.hpp"],"name":"_ZN10MedicamentC2Ev","regions":[[21,26,21,27,7,0,0,0]]},{"branches":[],"count":3,"filenames":["/Users/mihaiadomnitei/Desktop/oop/lab10/src/Service.cpp"],"name":"_ZN7ServiceC2ER15AbstractFarmacyR6Recipe","regions":[[7,95,13,2,3,0,0,0],[10,1,10,1,0,0,0,2]]},{"branches":[],"count":19,"filenames":["/Users/mihaiadomnitei/Desktop/oop/lab10/src/Service.cpp"],"name":"_ZN7Service11getAllFarmaEv","regions":[[15,48,17,2,19,0,0,0]]},{"branches":[[21,9,21,41,1,9,0,0,4]],"count":10,"filenames":["/Users/mihaiadomnitei/Desktop/oop/lab10/src/Service.cpp"],"name":"_ZN7Service18addMedicamentFarmaERKNSt3__112basic_stringIcNS0_11char_traitsIcEENS0_9allocatorIcEEEES8_S8_i","regions":[[20,76,30,2,10,0,0,0],[21,9,21,41,10,0,0,0],[21,42,21,43,1,0,0,3],[21,43,23,6,1,0,0,0],[23,6,25,5,9,0,0,3],[24,1,24,1,0,0,0,2],[25,5,30,2,9,0,0,0],[27,1,27,1,0,0,0,2]]},{"branches":[[34,9,34,42,1,2,0,0,4]],"count":3,"filenames":["/Users/mihaiadomnitei/Desktop/oop/lab10/src/Service.cpp"],"name":"_ZN7Service21updateMedicamentFarmaERKNSt3__112basic_stringIcNS0_11char_traitsIcEENS0_9allocatorIcEEEES8_S8_i","regions":[[33,87,43,2,3,0,0,0],[34,9,34,42,3,0,0,0],[34,43,34,44,1,0,0,3],[34,44,36,6,1,0,0,0],[36,6,38,5,2,0,0,3],[37,1,37,1,0,0,0,2],[38,5,43,2,2,0,0,0],[40,1,40,1,0,0,0,2]]},{"branches":[[46,9,46,42,1,5,0,0,4]],"count":6,"filenames":["/Users/mihaiadomnitei/Desktop/oop/lab10/src/Service.cpp"],"name":"_ZN7Service21deleteMedicamentFarmaERKNSt3__112basic_stringIcNS0_11char_traitsIcEENS0_9allocatorIcEEEE","regions":[[45,66,52,2,6,0,0,0],[46,9,46,42,6,0,0,0],[46,43,46,44,1,0,0,3],[46,44,48,6,1,0,0,0],[48,6,50,5,5,0,0,3],[49,1,49,1,0,0,0,2],[50,5,52,2,5,0,0,0]]},{"branches":[],"count":2,"filenames":["/Users/mihaiadomnitei/Desktop/oop/lab10/src/Service.cpp"],"name":"_ZN7Service19findMedicamentFarmaERKNSt3__112basic_stringIcNS0_11char_traitsIcEENS0_9allocatorIcEEEE","regions":[[54,83,62,2,2,0,0,0],[57,1,57,1,0,0,0,2],[60,1,60,1,0,0,0,2]]},{"branches":[],"count":2,"filenames":["/Users/mihaiadomnitei/Desktop/oop/lab10/src/Service.cpp"],"name":"_ZN7Service22filterMedicamenteFarmaEi","regions":[[64,71,74,2,2,0,0,0],[67,1,67,1,0,0,0,2],[72,1,72,1,0,0,0,2]]},{"branches":[],"count":1,"filenames":["/Users/mihaiadomnitei/Desktop/oop/lab10/src/Service.cpp"],"name":"_ZN7Service20sortMedicamenteFarmaERKNSt3__18functionIFbRK10MedicamentS4_EEE","regions":[[77,85,81,2,1,0,0,0]]},{"branches":[],"count":10,"filenames":["/Users/mihaiadomnitei/Desktop/oop/lab10/src/Service.cpp"],"name":"_ZN7Service12getAllRecipeEv","regions":[[87,50,89,2,10,0,0,0]]},{"branches":[[92,9,92,42,1,2,0,0,4]],"count":3,"filenames":["/Users/mihaiadomnitei/Desktop/oop/lab10/src/Service.cpp"],"name":"_ZN7Service19addMedicamentRecipeERKNSt3__112basic_stringIcNS0_11char_traitsIcEENS0_9allocatorIcEEEE","regions":[[91,64,101,2,3,0,0,0],[92,9,92,42,3,0,0,0],[92,43,92,44,1,0,0,3],[92,44,94,6,1,0,0,0],[94,6,96,5,2,0,0,3],[95,1,95,1,0,0,0,2],[96,5,101,2,2,0,0,0],[99,1,99,1,0,0,0,2]]},{"branches":[[104,9,104,29,1,2,0,0,4]],"count":3,"filenames":["/Users/mihaiadomnitei/Desktop/oop/lab10/src/Service.cpp"],"name":"_ZN7Service26deleteAllMedicamentsRecipeEv","regions":[[103,44,109,2,3,0,0,0],[104,9,104,29,3,0,0,0],[104,30,104,31,1,0,0,3],[104,31,106,6,1,0,0,0],[106,6,108,5,2,0,0,3],[107,1,107,1,0,0,0,2],[108,5,109,2,2,0,0,0]]},{"branches":[[112,9,112,30,1,2,0,0,4],[119,24,119,44,24,2,0,0,4]],"count":3,"filenames":["/Users/mihaiadomnitei/Desktop/oop/lab10/src/Service.cpp"],"name":"_ZN7Service20populateRandomRecipeEm","regions":[[111,61,123,2,3,0,0,0],[112,9,112,30,3,0,0,0],[112,31,112,32,1,0,0,3],[112,32,114,6,1,0,0,0],[114,6,116,5,2,0,0,3],[115,1,115,1,0,0,0,2],[116,5,123,2,2,0,0,0],[118,1,118,1,0,0,0,2],[119,24,119,44,26,0,0,0],[119,46,119,49,24,0,0,0],[119,50,119,51,24,0,0,3],[119,51,122,6,24,0,0,0]]},{"branches":[[134,33,134,34,12,1,0,0,4]],"count":1,"filenames":["/Users/mihaiadomnitei/Desktop/oop/lab10/src/Service.cpp"],"name":"_ZN7Service10exportHTMLERKNSt3__112basic_stringIcNS0_11char_traitsIcEENS0_9allocatorIcEEEE","regions":[[125,55,144,2,1,0,0,0],[127,1,127,1,0,0,0,2],[133,1,133,1,0,0,0,2],[134,50,134,51,12,0,0,3],[134,51,141,6,12,0,0,0],[142,1,142,1,0,0,0,2]]},{"branches":[[151,33,151,34,12,1,0,0,4]],"count":1,"filenames":["/Users/mihaiadomnitei/Desktop/oop/lab10/src/Service.cpp"],"name":"_ZN7Service9exportCSVERKNSt3__112basic_stringIcNS0_11char_traitsIcEENS0_9allocatorIcEEEE","regions":[[146,54,159,2,1,0,0,0],[148,1,148,1,0,0,0,2],[150,1,150,1,0,0,0,2],[151,50,151,51,12,0,0,3],[151,51,156,6,12,0,0,0],[157,1,157,1,0,0,0,2]]},{"branches":[[168,39,168,40,3,1,0,0,4]],"count":1,"filenames":["/Users/mihaiadomnitei/Desktop/oop/lab10/src/Service.cpp"],"name":"_ZN7Service19getProducatorReportEv","regions":[[165,69,173,2,1,0,0,0],[167,1,167,1,0,0,0,2],[168,66,168,67,3,0,0,3],[168,67,170,6,3,0,0,0],[171,1,171,1,0,0,0,2]]},{"branches":[[176,9,176,24,1,4,0,0,4]],"count":5,"filenames":["/Users/mihaiadomnitei/Desktop/oop/lab10/src/Service.cpp"],"name":"_ZN7Service4undoEv","regions":[[175,22,184,2,5,0,0,0],[176,9,176,24,5,0,0,0],[176,25,176,26,1,0,0,3],[176,26,178,6,1,0,0,0],[178,6,180,5,4,0,0,3],[179,1,179,1,0,0,0,2],[180,5,184,2,4,0,0,0],[182,1,182,1,0,0,0,2]]},{"branches":[],"count":2,"filenames":["/Users/mihaiadomnitei/Desktop/oop/lab10/src/Service.cpp"],"name":"Service.cpp:_ZZN7Service19findMedicamentFarmaERKNSt3__112basic_stringIcNS0_11char_traitsIcEENS0_9allocatorIcEEEEENK3$_0clERK10Medicament","regions":[[59,60,59,116,2,0,0,0]]},{"branches":[],"count":2,"filenames":["/Users/mihaiadomnitei/Desktop/oop/lab10/src/Service.cpp"],"name":"Service.cpp:_ZZN7Service22filterMedicamenteFarmaEiENK3$_1clERK10Medicament","regions":[[71,59,71,103,2,0,0,0]]},{"branches":[],"count":3,"filenames":["/Users/mihaiadomnitei/Desktop/oop/lab10/src/Service.cpp"],"name":"Service.cpp:_ZZN7Service19addMedicamentRecipeERKNSt3__112basic_stringIcNS0_11char_traitsIcEENS0_9allocatorIcEEEEENK3$_2clERK10Medicament","regions":[[96,136,98,6,3,0,0,0]]},{"branches":[],"count":2,"filenames":["/Users/mihaiadomnitei/Desktop/oop/lab10/src/Test.cpp"],"name":"_ZN4TestC2Ev","regions":[[13,14,26,2,2,0,0,0],[16,1,16,1,0,0,0,2],[21,1,21,1,0,0,0,2]]},{"branches":[],"count":1,"filenames":["/Users/mihaiadomnitei/Desktop/oop/lab10/src/Test.cpp"],"name":"_ZN4Test10testDomainEv","regions":[[28,25,49,2,1,0,0,0],[30,1,30,1,0,0,0,2],[31,53,32,5,0,0,0,3],[32,57,33,5,0,0,0,3],[33,59,34,5,0,0,0,3],[34,45,36,5,0,0,0,3],[35,1,35,1,0,0,0,2],[36,135,38,5,0,0,0,3],[37,1,37,1,0,0,0,2],[42,1,42,1,0,0,0,2],[43,59,44,5,0,0,0,3],[44,63,45,5,0,0,0,3],[45,65,46,5,0,0,0,3],[46,51,48,5,0,0,0,3],[47,1,47,1,0,0,0,2]]},{"branches":[],"count":1,"filenames":["/Users/mihaiadomnitei/Desktop/oop/lab10/src/Test.cpp"],"name":"_ZN4Test14testRepositoryEv","regions":[[51,29,147,2,1,0,0,0],[52,1,55,1,0,0,0,2],[59,1,61,1,0,0,0,2],[63,31,64,5,0,0,0,3],[65,31,69,5,0,0,0,3],[66,1,68,1,0,0,0,2],[70,31,74,5,0,0,0,3],[71,1,73,1,0,0,0,2],[75,31,77,5,0,0,0,3],[76,1,76,1,0,0,0,2],[78,45,79,5,0,0,0,3],[79,49,80,5,0,0,0,3],[80,51,81,5,0,0,0,3],[81,37,86,5,0,0,0,3],[82,1,85,1,0,0,0,2],[86,51,92,5,0,0,0,3],[87,1,91,1,0,0,0,2],[93,1,95,1,0,0,0,2],[98,33,100,5,0,0,0,3],[99,1,99,1,0,0,0,2],[101,33,105,5,0,0,0,3],[102,1,104,1,0,0,0,2],[107,1,107,1,0,0,0,2],[109,1,109,1,0,0,0,2],[110,9,113,6,1,0,0,0],[113,39,113,41,1,0,0,0],[113,41,117,5,0,0,0,3],[114,1,116,1,0,0,0,2],[117,5,147,2,1,0,0,0],[118,39,119,5,0,0,0,3],[120,39,124,5,0,0,0,3],[121,1,123,1,0,0,0,2],[125,39,129,5,0,0,0,3],[126,1,128,1,0,0,0,2],[130,39,132,5,0,0,0,3],[131,1,131,1,0,0,0,2],[134,1,136,1,0,0,0,2],[138,1,138,1,0,0,0,2],[139,9,142,6,1,0,0,0],[142,39,144,6,1,0,0,0],[144,6,146,5,0,0,0,3],[145,1,145,1,0,0,0,2],[146,5,147,2,1,0,0,0]]},{"branches":[],"count":1,"filenames":["/Users/mihaiadomnitei/Desktop/oop/lab10/src/Test.cpp"],"name":"_ZN4Test13testValidatorEv","regions":[[149,28,173,2,1,0,0,0],[153,1,153,1,0,0,0,2],[159,1,159,1,0,0,0,2],[161,1,161,1,0,0,0,2],[162,9,165,6,1,0,0,0],[166,37,170,6,1,0,0,0],[170,6,172,5,0,0,0,3],[171,1,171,1,0,0,0,2],[172,5,173,2,1,0,0,0]]},{"branches":[],"count":1,"filenames":["/Users/mihaiadomnitei/Desktop/oop/lab10/src/Test.cpp"],"name":"_ZN4Test11testServiceEv","regions":[[175,26,368,2,1,0,0,0],[179,1,181,1,0,0,0,2],[183,46,184,5,0,0,0,3],[184,31,185,5,0,0,0,3],[185,9,188,6,1,0,0,0],[188,39,191,6,1,0,0,0],[189,50,190,9,0,0,0,3],[191,6,195,5,0,0,0,3],[192,1,194,1,0,0,0,2],[195,5,368,2,1,0,0,0],[196,46,198,5,0,0,0,3],[197,1,197,1,0,0,0,2],[199,50,200,5,0,0,0,3],[200,60,201,5,0,0,0,3],[201,62,202,5,0,0,0,3],[202,48,204,5,0,0,0,3],[203,1,203,1,0,0,0,2],[204,9,207,6,1,0,0,0],[207,39,215,6,1,0,0,0],[208,50,210,9,0,0,0,3],[209,1,209,1,0,0,0,2],[211,49,212,9,0,0,0,3],[212,59,213,9,0,0,0,3],[213,61,214,9,0,0,0,3],[215,6,219,5,0,0,0,3],[216,1,218,1,0,0,0,2],[219,5,368,2,1,0,0,0],[220,42,222,5,0,0,0,3],[221,1,221,1,0,0,0,2],[222,9,226,6,1,0,0,0],[226,39,228,6,1,0,0,0],[228,6,232,5,0,0,0,3],[229,1,231,1,0,0,0,2],[232,5,368,2,1,0,0,0],[233,25,235,5,0,0,0,3],[234,1,234,1,0,0,0,2],[236,29,240,5,0,0,0,3],[237,1,239,1,0,0,0,2],[242,1,242,1,0,0,0,2],[244,31,246,5,0,0,0,3],[245,1,245,1,0,0,0,2],[247,27,251,5,0,0,0,3],[248,1,250,1,0,0,0,2],[254,1,254,1,0,0,0,2],[258,1,258,1,0,0,0,2],[259,31,260,5,0,0,0,3],[260,48,261,5,0,0,0,3],[261,52,262,5,0,0,0,3],[262,54,263,5,0,0,0,3],[263,40,267,5,0,0,0,3],[264,1,266,1,0,0,0,2],[268,47,270,5,0,0,0,3],[269,1,269,1,0,0,0,2],[271,47,273,5,0,0,0,3],[272,1,272,1,0,0,0,2],[274,9,277,6,1,0,0,0],[277,39,280,6,1,0,0,0],[278,37,279,9,0,0,0,3],[280,6,284,5,0,0,0,3],[281,1,283,1,0,0,0,2],[284,5,368,2,1,0,0,0],[285,43,289,5,0,0,0,3],[286,1,288,1,0,0,0,2],[291,52,293,5,0,0,0,3],[292,1,292,1,0,0,0,2],[297,1,297,1,0,0,0,2],[299,56,301,5,0,0,0,3],[300,1,300,1,0,0,0,2],[304,1,304,1,0,0,0,2],[305,9,308,6,1,0,0,0],[308,39,310,6,1,0,0,0],[310,6,312,5,0,0,0,3],[311,1,311,1,0,0,0,2],[312,5,368,2,1,0,0,0],[312,9,315,6,1,0,0,0],[315,39,317,6,1,0,0,0],[317,6,321,5,0,0,0,3],[318,1,320,1,0,0,0,2],[321,5,368,2,1,0,0,0],[325,1,325,1,0,0,0,2],[327,1,327,1,0,0,0,2],[328,39,329,5,0,0,0,3],[329,33,334,5,0,0,0,3],[330,1,333,1,0,0,0,2],[337,1,337,1,0,0,0,2],[340,52,341,5,0,0,0,3],[342,52,344,5,0,0,0,3],[343,1,343,1,0,0,0,2],[345,48,346,5,0,0,0,3],[347,52,349,5,0,0,0,3],[348,1,348,1,0,0,0,2],[351,52,352,5,0,0,0,3],[352,69,353,5,0,0,0,3],[353,73,354,5,0,0,0,3],[354,75,355,5,0,0,0,3],[355,61,357,5,0,0,0,3],[356,1,356,1,0,0,0,2],[358,48,360,5,0,0,0,3],[359,1,359,1,0,0,0,2],[360,9,363,6,1,0,0,0],[363,39,365,6,1,0,0,0],[365,6,367,5,0,0,0,3],[366,1,366,1,0,0,0,2],[367,5,368,2,1,0,0,0]]},{"branches":[],"count":1,"filenames":["/Users/mihaiadomnitei/Desktop/oop/lab10/src/Test.cpp"],"name":"_ZN4Test6runAllEv","regions":[[370,21,376,6,1,0,0,0]]},{"branches":[],"count":1,"filenames":["/Users/mihaiadomnitei/Desktop/oop/lab10/src/Test.cpp"],"name":"Test.cpp:_ZZN4Test11testServiceEvENK3$_0clERK10MedicamentS3_","regions":[[255,95,257,6,1,0,0,0]]},{"branches":[],"count":9,"filenames":["/Users/mihaiadomnitei/Desktop/oop/lab10/src/Undo.cpp"],"name":"_ZN7UndoAddC2ER15AbstractFarmacy10Medicament","regions":[[3,121,3,123,9,0,0,0]]},{"branches":[],"count":2,"filenames":["/Users/mihaiadomnitei/Desktop/oop/lab10/src/Undo.cpp"],"name":"_ZN7UndoAdd6doUndoEv","regions":[[5,24,7,2,2,0,0,0]]},{"branches":[],"count":5,"filenames":["/Users/mihaiadomnitei/Desktop/oop/lab10/src/Undo.cpp"],"name":"_ZN10UndoDeleteC2ER15AbstractFarmacy10Medicament","regions":[[9,127,9,129,5,0,0,0]]},{"branches":[],"count":1,"filenames":["/Users/mihaiadomnitei/Desktop/oop/lab10/src/Undo.cpp"],"name":"_ZN10UndoDelete6doUndoEv","regions":[[11,27,13,2,1,0,0,0]]},{"branches":[],"count":2,"filenames":["/Users/mihaiadomnitei/Desktop/oop/lab10/src/Undo.cpp"],"name":"_ZN10UndoUpdateC2ER15AbstractFarmacy10Medicament","regions":[[15,127,15,129,2,0,0,0]]},{"branches":[],"count":1,"filenames":["/Users/mihaiadomnitei/Desktop/oop/lab10/src/Undo.cpp"],"name":"_ZN10UndoUpdate6doUndoEv","regions":[[17,27,19,2,1,0,0,0]]},{"branches":[],"count":16,"filenames":["/Users/mihaiadomnitei/Desktop/oop/lab10/include/Undo.hpp"],"name":"_ZN12AbstractUndoD2Ev","regions":[[11,37,11,38,16,0,0,0]]},{"branches":[[8,12,8,32,12,1,0,0,4],[8,36,8,53,12,0,0,0,4]],"count":13,"filenames":["/Users/mihaiadomnitei/Desktop/oop/lab10/src/Validator.cpp"],"name":"_ZN9Validator15isValidDenumireERKNSt3__112basic_stringIcNS0_11char_traitsIcEENS0_9allocatorIcEEEE","regions":[[7,62,9,2,13,0,0,0],[8,12,8,32,13,0,0,0],[8,36,8,53,12,0,0,0]]},{"branches":[],"count":13,"filenames":["/Users/mihaiadomnitei/Desktop/oop/lab10/src/Validator.cpp"],"name":"_ZN9Validator17isValidProducatorERKNSt3__112basic_stringIcNS0_11char_traitsIcEENS0_9allocatorIcEEEE","regions":[[11,66,13,2,13,0,0,0]]},{"branches":[],"count":13,"filenames":["/Users/mihaiadomnitei/Desktop/oop/lab10/src/Validator.cpp"],"name":"_ZN9Validator18isValidSubstActivaERKNSt3__112basic_stringIcNS0_11char_traitsIcEENS0_9allocatorIcEEEE","regions":[[15,68,17,2,13,0,0,0]]},{"branches":[[20,12,20,21,13,0,0,0,4],[20,25,20,38,12,1,0,0,4]],"count":13,"filenames":["/Users/mihaiadomnitei/Desktop/oop/lab10/src/Validator.cpp"],"name":"_ZN9Validator11isValidPretEi","regions":[[19,39,21,2,13,0,0,0],[20,12,20,21,13,0,0,0],[20,25,20,38,13,0,0,0]]},{"branches":[[26,9,26,51,1,12,0,0,4],[30,9,30,55,1,12,0,0,4],[34,9,34,57,1,12,0,0,4],[38,9,38,43,1,12,0,0,4],[42,8,42,22,1,12,0,0,4]],"count":13,"filenames":["/Users/mihaiadomnitei/Desktop/oop/lab10/src/Validator.cpp"],"name":"_ZN9Validator18validateMedicamentERK10Medicament","regions":[[23,66,45,2,13,0,0,0],[25,1,25,1,0,0,0,2],[26,9,26,51,13,0,0,0],[26,52,26,53,1,0,0,3],[26,53,28,6,1,0,0,0],[29,1,29,1,0,0,0,2],[30,9,30,55,13,0,0,0],[30,56,30,57,1,0,0,3],[30,57,32,6,1,0,0,0],[33,1,33,1,0,0,0,2],[34,9,34,57,13,0,0,0],[34,58,34,59,1,0,0,3],[34,59,36,6,1,0,0,0],[37,1,37,1,0,0,0,2],[38,9,38,43,13,0,0,0],[38,44,38,45,1,0,0,3],[38,45,40,6,1,0,0,0],[41,1,41,1,0,0,0,2],[42,8,42,22,13,0,0,0],[42,23,44,6,1,0,0,0]]},{"branches":[],"count":1,"filenames":["/Users/mihaiadomnitei/Desktop/oop/lab10/src/Gui.cpp"],"name":"_ZN3GUIC2ER7Service","regions":[[6,49,23,2,1,0,0,0],[18,1,19,1,0,0,0,2]]},{"branches":[],"count":1,"filenames":["/Users/mihaiadomnitei/Desktop/oop/lab10/src/Gui.cpp"],"name":"_ZN3GUI7initGUIEv","regions":[[26,21,54,2,1,0,0,0],[30,1,31,47,0,0,0,2],[33,1,34,21,0,0,0,2],[39,1,40,54,0,0,0,2]]},{"branches":[],"count":1,"filenames":["/Users/mihaiadomnitei/Desktop/oop/lab10/src/Gui.cpp"],"name":"_ZN3GUI11initConnectEv","regions":[[56,25,62,2,1,0,0,0]]},{"branches":[[68,26,68,27,2,1,0,0,4]],"count":1,"filenames":["/Users/mihaiadomnitei/Desktop/oop/lab10/src/Gui.cpp"],"name":"_ZN3GUI8loadDataEv","regions":[[65,22,76,2,1,0,0,0],[68,33,68,34,2,0,0,3],[68,34,75,6,2,0,0,0]]},{"branches":[],"count":0,"filenames":["/Users/mihaiadomnitei/Desktop/oop/lab10/src/Gui.cpp"],"name":"_ZN3GUI9addMedGUIEv","regions":[[78,23,90,2,0,0,0,0],[83,1,83,1,0,0,0,2],[84,9,87,6,0,0,0,0],[87,39,89,6,0,0,0,0]]},{"branches":[[93,9,93,28,0,0,0,0,4]],"count":0,"filenames":["/Users/mihaiadomnitei/Desktop/oop/lab10/src/Gui.cpp"],"name":"_ZN3GUI9delMedGUIEv","regions":[[92,23,103,2,0,0,0,0],[93,9,93,28,0,0,0,0],[93,29,93,30,0,0,0,3],[93,30,102,6,0,0,0,0],[95,1,95,1,0,0,0,2],[96,13,99,10,0,0,0,0],[99,43,101,10,0,0,0,0]]},{"branches":[],"count":0,"filenames":["/Users/mihaiadomnitei/Desktop/oop/lab10/src/Gui.cpp"],"name":"_ZN3GUI14modificaMedGUIEv","regions":[[105,28,117,2,0,0,0,0],[110,1,110,1,0,0,0,2],[111,9,114,6,0,0,0,0],[114,39,116,6,0,0,0,0]]},{"branches":[[126,30,126,31,0,0,0,0,4]],"count":0,"filenames":["/Users/mihaiadomnitei/Desktop/oop/lab10/src/Gui.cpp"],"name":"_ZN3GUI10findMedGUIEv","regions":[[120,24,137,2,0,0,0,0],[122,1,122,1,0,0,0,2],[123,9,134,6,0,0,0,0],[126,42,126,43,0,0,0,3],[126,43,133,10,0,0,0,0],[134,39,136,6,0,0,0,0]]},{"branches":[[145,30,145,31,0,0,0,0,4]],"count":0,"filenames":["/Users/mihaiadomnitei/Desktop/oop/lab10/src/Gui.cpp"],"name":"_ZN3GUI12filterMedGUIEv","regions":[[139,26,156,2,0,0,0,0],[141,1,141,1,0,0,0,2],[142,9,153,6,0,0,0,0],[145,45,145,46,0,0,0,3],[145,46,152,10,0,0,0,0],[153,39,155,6,0,0,0,0]]}],"totals":{"branches":{"count":168,"covered":56,"notcovered":112,"percent":33.333333333333329},"functions":{"count":120,"covered":90,"percent":75},"instantiations":{"count":120,"covered":90,"percent":75},"lines":{"count":1079,"covered":621,"percent":57.553290083410566},"regions":{"count":317,"covered":181,"notcovered":136,"percent":57.097791798107252}}}],"type":"llvm.coverage.json.export","version":"2.0.1"}