{
	"BUILD_DIR" : "/Users/mihaiadomnitei/Desktop/oop/lab13-14/cmake-build-debug/lab10_autogen",
	"CMAKE_BINARY_DIR" : "/Users/mihaiadomnitei/Desktop/oop/lab13-14/cmake-build-debug",
	"CMAKE_CURRENT_BINARY_DIR" : "/Users/mihaiadomnitei/Desktop/oop/lab13-14/cmake-build-debug",
	"CMAKE_CURRENT_SOURCE_DIR" : "/Users/mihaiadomnitei/Desktop/oop/lab13-14",
	"CMAKE_EXECUTABLE" : "/Applications/CLion.app/Contents/bin/cmake/mac/aarch64/bin/cmake",
	"CMAKE_LIST_FILES" : 
	[
		"/Users/mihaiadomnitei/Desktop/oop/lab13-14/CMakeLists.txt",
		"/Applications/CLion.app/Contents/bin/cmake/mac/aarch64/share/cmake-3.28/Modules/CMakeDetermineSystem.cmake",
		"/Applications/CLion.app/Contents/bin/cmake/mac/aarch64/share/cmake-3.28/Modules/CMakeSystem.cmake.in",
		"/Users/mihaiadomnitei/Desktop/oop/lab13-14/cmake-build-debug/CMakeFiles/3.28.1/CMakeSystem.cmake",
		"/Applications/CLion.app/Contents/bin/cmake/mac/aarch64/share/cmake-3.28/Modules/CMakeSystemSpecificInitialize.cmake",
		"/Applications/CLion.app/Contents/bin/cmake/mac/aarch64/share/cmake-3.28/Modules/Platform/Darwin-Initialize.cmake",
		"/Applications/CLion.app/Contents/bin/cmake/mac/aarch64/share/cmake-3.28/Modules/CMakeDetermineCCompiler.cmake",
		"/Applications/CLion.app/Contents/bin/cmake/mac/aarch64/share/cmake-3.28/Modules/CMakeDetermineCompiler.cmake",
		"/Applications/CLion.app/Contents/bin/cmake/mac/aarch64/share/cmake-3.28/Modules/CMakeDetermineCompilerId.cmake",
		"/Applications/CLion.app/Contents/bin/cmake/mac/aarch64/share/cmake-3.28/Modules/CMakeCompilerIdDetection.cmake",
		"/Applications/CLion.app/Contents/bin/cmake/mac/aarch64/share/cmake-3.28/Modules/Compiler/ADSP-DetermineCompiler.cmake",
		"/Applications/CLion.app/Contents/bin/cmake/mac/aarch64/share/cmake-3.28/Modules/Compiler/ARMCC-DetermineCompiler.cmake",
		"/Applications/CLion.app/Contents/bin/cmake/mac/aarch64/share/cmake-3.28/Modules/Compiler/ARMClang-DetermineCompiler.cmake",
		"/Applications/CLion.app/Contents/bin/cmake/mac/aarch64/share/cmake-3.28/Modules/Compiler/AppleClang-DetermineCompiler.cmake",
		"/Applications/CLion.app/Contents/bin/cmake/mac/aarch64/share/cmake-3.28/Modules/Compiler/Clang-DetermineCompilerInternal.cmake",
		"/Applications/CLion.app/Contents/bin/cmake/mac/aarch64/share/cmake-3.28/Modules/Compiler/Borland-DetermineCompiler.cmake",
		"/Applications/CLion.app/Contents/bin/cmake/mac/aarch64/share/cmake-3.28/Modules/Compiler/Bruce-C-DetermineCompiler.cmake",
		"/Applications/CLion.app/Contents/bin/cmake/mac/aarch64/share/cmake-3.28/Modules/Compiler/Clang-DetermineCompiler.cmake",
		"/Applications/CLion.app/Contents/bin/cmake/mac/aarch64/share/cmake-3.28/Modules/Compiler/Clang-DetermineCompilerInternal.cmake",
		"/Applications/CLion.app/Contents/bin/cmake/mac/aarch64/share/cmake-3.28/Modules/Compiler/Compaq-C-DetermineCompiler.cmake",
		"/Applications/CLion.app/Contents/bin/cmake/mac/aarch64/share/cmake-3.28/Modules/Compiler/Cray-DetermineCompiler.cmake",
		"/Applications/CLion.app/Contents/bin/cmake/mac/aarch64/share/cmake-3.28/Modules/Compiler/CrayClang-DetermineCompiler.cmake",
		"/Applications/CLion.app/Contents/bin/cmake/mac/aarch64/share/cmake-3.28/Modules/Compiler/Embarcadero-DetermineCompiler.cmake",
		"/Applications/CLion.app/Contents/bin/cmake/mac/aarch64/share/cmake-3.28/Modules/Compiler/Fujitsu-DetermineCompiler.cmake",
		"/Applications/CLion.app/Contents/bin/cmake/mac/aarch64/share/cmake-3.28/Modules/Compiler/FujitsuClang-DetermineCompiler.cmake",
		"/Applications/CLion.app/Contents/bin/cmake/mac/aarch64/share/cmake-3.28/Modules/Compiler/GHS-DetermineCompiler.cmake",
		"/Applications/CLion.app/Contents/bin/cmake/mac/aarch64/share/cmake-3.28/Modules/Compiler/GNU-C-DetermineCompiler.cmake",
		"/Applications/CLion.app/Contents/bin/cmake/mac/aarch64/share/cmake-3.28/Modules/Compiler/HP-C-DetermineCompiler.cmake",
		"/Applications/CLion.app/Contents/bin/cmake/mac/aarch64/share/cmake-3.28/Modules/Compiler/IAR-DetermineCompiler.cmake",
		"/Applications/CLion.app/Contents/bin/cmake/mac/aarch64/share/cmake-3.28/Modules/Compiler/IBMClang-C-DetermineCompiler.cmake",
		"/Applications/CLion.app/Contents/bin/cmake/mac/aarch64/share/cmake-3.28/Modules/Compiler/Intel-DetermineCompiler.cmake",
		"/Applications/CLion.app/Contents/bin/cmake/mac/aarch64/share/cmake-3.28/Modules/Compiler/IntelLLVM-DetermineCompiler.cmake",
		"/Applications/CLion.app/Contents/bin/cmake/mac/aarch64/share/cmake-3.28/Modules/Compiler/LCC-C-DetermineCompiler.cmake",
		"/Applications/CLion.app/Contents/bin/cmake/mac/aarch64/share/cmake-3.28/Modules/Compiler/MSVC-DetermineCompiler.cmake",
		"/Applications/CLion.app/Contents/bin/cmake/mac/aarch64/share/cmake-3.28/Modules/Compiler/NVHPC-DetermineCompiler.cmake",
		"/Applications/CLion.app/Contents/bin/cmake/mac/aarch64/share/cmake-3.28/Modules/Compiler/NVIDIA-DetermineCompiler.cmake",
		"/Applications/CLion.app/Contents/bin/cmake/mac/aarch64/share/cmake-3.28/Modules/Compiler/OpenWatcom-DetermineCompiler.cmake",
		"/Applications/CLion.app/Contents/bin/cmake/mac/aarch64/share/cmake-3.28/Modules/Compiler/OrangeC-DetermineCompiler.cmake",
		"/Applications/CLion.app/Contents/bin/cmake/mac/aarch64/share/cmake-3.28/Modules/Compiler/PGI-DetermineCompiler.cmake",
		"/Applications/CLion.app/Contents/bin/cmake/mac/aarch64/share/cmake-3.28/Modules/Compiler/PathScale-DetermineCompiler.cmake",
		"/Applications/CLion.app/Contents/bin/cmake/mac/aarch64/share/cmake-3.28/Modules/Compiler/SCO-DetermineCompiler.cmake",
		"/Applications/CLion.app/Contents/bin/cmake/mac/aarch64/share/cmake-3.28/Modules/Compiler/SDCC-C-DetermineCompiler.cmake",
		"/Applications/CLion.app/Contents/bin/cmake/mac/aarch64/share/cmake-3.28/Modules/Compiler/SunPro-C-DetermineCompiler.cmake",
		"/Applications/CLion.app/Contents/bin/cmake/mac/aarch64/share/cmake-3.28/Modules/Compiler/TI-DetermineCompiler.cmake",
		"/Applications/CLion.app/Contents/bin/cmake/mac/aarch64/share/cmake-3.28/Modules/Compiler/Tasking-DetermineCompiler.cmake",
		"/Applications/CLion.app/Contents/bin/cmake/mac/aarch64/share/cmake-3.28/Modules/Compiler/TinyCC-C-DetermineCompiler.cmake",
		"/Applications/CLion.app/Contents/bin/cmake/mac/aarch64/share/cmake-3.28/Modules/Compiler/VisualAge-C-DetermineCompiler.cmake",
		"/Applications/CLion.app/Contents/bin/cmake/mac/aarch64/share/cmake-3.28/Modules/Compiler/IBMCPP-C-DetermineVersionInternal.cmake",
		"/Applications/CLion.app/Contents/bin/cmake/mac/aarch64/share/cmake-3.28/Modules/Compiler/Watcom-DetermineCompiler.cmake",
		"/Applications/CLion.app/Contents/bin/cmake/mac/aarch64/share/cmake-3.28/Modules/Compiler/XL-C-DetermineCompiler.cmake",
		"/Applications/CLion.app/Contents/bin/cmake/mac/aarch64/share/cmake-3.28/Modules/Compiler/IBMCPP-C-DetermineVersionInternal.cmake",
		"/Applications/CLion.app/Contents/bin/cmake/mac/aarch64/share/cmake-3.28/Modules/Compiler/XLClang-C-DetermineCompiler.cmake",
		"/Applications/CLion.app/Contents/bin/cmake/mac/aarch64/share/cmake-3.28/Modules/Compiler/zOS-C-DetermineCompiler.cmake",
		"/Applications/CLion.app/Contents/bin/cmake/mac/aarch64/share/cmake-3.28/Modules/Compiler/IBMCPP-C-DetermineVersionInternal.cmake",
		"/Applications/CLion.app/Contents/bin/cmake/mac/aarch64/share/cmake-3.28/Modules/Compiler/ADSP-DetermineCompiler.cmake",
		"/Applications/CLion.app/Contents/bin/cmake/mac/aarch64/share/cmake-3.28/Modules/Compiler/ARMCC-DetermineCompiler.cmake",
		"/Applications/CLion.app/Contents/bin/cmake/mac/aarch64/share/cmake-3.28/Modules/Compiler/ARMClang-DetermineCompiler.cmake",
		"/Applications/CLion.app/Contents/bin/cmake/mac/aarch64/share/cmake-3.28/Modules/Compiler/AppleClang-DetermineCompiler.cmake",
		"/Applications/CLion.app/Contents/bin/cmake/mac/aarch64/share/cmake-3.28/Modules/Compiler/Clang-DetermineCompilerInternal.cmake",
		"/Applications/CLion.app/Contents/bin/cmake/mac/aarch64/share/cmake-3.28/Modules/Compiler/Borland-DetermineCompiler.cmake",
		"/Applications/CLion.app/Contents/bin/cmake/mac/aarch64/share/cmake-3.28/Modules/Compiler/Bruce-C-DetermineCompiler.cmake",
		"/Applications/CLion.app/Contents/bin/cmake/mac/aarch64/share/cmake-3.28/Modules/Compiler/Clang-DetermineCompiler.cmake",
		"/Applications/CLion.app/Contents/bin/cmake/mac/aarch64/share/cmake-3.28/Modules/Compiler/Clang-DetermineCompilerInternal.cmake",
		"/Applications/CLion.app/Contents/bin/cmake/mac/aarch64/share/cmake-3.28/Modules/Compiler/Compaq-C-DetermineCompiler.cmake",
		"/Applications/CLion.app/Contents/bin/cmake/mac/aarch64/share/cmake-3.28/Modules/Compiler/Cray-DetermineCompiler.cmake",
		"/Applications/CLion.app/Contents/bin/cmake/mac/aarch64/share/cmake-3.28/Modules/Compiler/CrayClang-DetermineCompiler.cmake",
		"/Applications/CLion.app/Contents/bin/cmake/mac/aarch64/share/cmake-3.28/Modules/Compiler/Embarcadero-DetermineCompiler.cmake",
		"/Applications/CLion.app/Contents/bin/cmake/mac/aarch64/share/cmake-3.28/Modules/Compiler/Fujitsu-DetermineCompiler.cmake",
		"/Applications/CLion.app/Contents/bin/cmake/mac/aarch64/share/cmake-3.28/Modules/Compiler/FujitsuClang-DetermineCompiler.cmake",
		"/Applications/CLion.app/Contents/bin/cmake/mac/aarch64/share/cmake-3.28/Modules/Compiler/GHS-DetermineCompiler.cmake",
		"/Applications/CLion.app/Contents/bin/cmake/mac/aarch64/share/cmake-3.28/Modules/Compiler/GNU-C-DetermineCompiler.cmake",
		"/Applications/CLion.app/Contents/bin/cmake/mac/aarch64/share/cmake-3.28/Modules/Compiler/HP-C-DetermineCompiler.cmake",
		"/Applications/CLion.app/Contents/bin/cmake/mac/aarch64/share/cmake-3.28/Modules/Compiler/IAR-DetermineCompiler.cmake",
		"/Applications/CLion.app/Contents/bin/cmake/mac/aarch64/share/cmake-3.28/Modules/Compiler/IBMClang-C-DetermineCompiler.cmake",
		"/Applications/CLion.app/Contents/bin/cmake/mac/aarch64/share/cmake-3.28/Modules/Compiler/Intel-DetermineCompiler.cmake",
		"/Applications/CLion.app/Contents/bin/cmake/mac/aarch64/share/cmake-3.28/Modules/Compiler/IntelLLVM-DetermineCompiler.cmake",
		"/Applications/CLion.app/Contents/bin/cmake/mac/aarch64/share/cmake-3.28/Modules/Compiler/LCC-C-DetermineCompiler.cmake",
		"/Applications/CLion.app/Contents/bin/cmake/mac/aarch64/share/cmake-3.28/Modules/Compiler/MSVC-DetermineCompiler.cmake",
		"/Applications/CLion.app/Contents/bin/cmake/mac/aarch64/share/cmake-3.28/Modules/Compiler/NVHPC-DetermineCompiler.cmake",
		"/Applications/CLion.app/Contents/bin/cmake/mac/aarch64/share/cmake-3.28/Modules/Compiler/NVIDIA-DetermineCompiler.cmake",
		"/Applications/CLion.app/Contents/bin/cmake/mac/aarch64/share/cmake-3.28/Modules/Compiler/OpenWatcom-DetermineCompiler.cmake",
		"/Applications/CLion.app/Contents/bin/cmake/mac/aarch64/share/cmake-3.28/Modules/Compiler/OrangeC-DetermineCompiler.cmake",
		"/Applications/CLion.app/Contents/bin/cmake/mac/aarch64/share/cmake-3.28/Modules/Compiler/PGI-DetermineCompiler.cmake",
		"/Applications/CLion.app/Contents/bin/cmake/mac/aarch64/share/cmake-3.28/Modules/Compiler/PathScale-DetermineCompiler.cmake",
		"/Applications/CLion.app/Contents/bin/cmake/mac/aarch64/share/cmake-3.28/Modules/Compiler/SCO-DetermineCompiler.cmake",
		"/Applications/CLion.app/Contents/bin/cmake/mac/aarch64/share/cmake-3.28/Modules/Compiler/SDCC-C-DetermineCompiler.cmake",
		"/Applications/CLion.app/Contents/bin/cmake/mac/aarch64/share/cmake-3.28/Modules/Compiler/SunPro-C-DetermineCompiler.cmake",
		"/Applications/CLion.app/Contents/bin/cmake/mac/aarch64/share/cmake-3.28/Modules/Compiler/TI-DetermineCompiler.cmake",
		"/Applications/CLion.app/Contents/bin/cmake/mac/aarch64/share/cmake-3.28/Modules/Compiler/Tasking-DetermineCompiler.cmake",
		"/Applications/CLion.app/Contents/bin/cmake/mac/aarch64/share/cmake-3.28/Modules/Compiler/TinyCC-C-DetermineCompiler.cmake",
		"/Applications/CLion.app/Contents/bin/cmake/mac/aarch64/share/cmake-3.28/Modules/Compiler/VisualAge-C-DetermineCompiler.cmake",
		"/Applications/CLion.app/Contents/bin/cmake/mac/aarch64/share/cmake-3.28/Modules/Compiler/IBMCPP-C-DetermineVersionInternal.cmake",
		"/Applications/CLion.app/Contents/bin/cmake/mac/aarch64/share/cmake-3.28/Modules/Compiler/Watcom-DetermineCompiler.cmake",
		"/Applications/CLion.app/Contents/bin/cmake/mac/aarch64/share/cmake-3.28/Modules/Compiler/XL-C-DetermineCompiler.cmake",
		"/Applications/CLion.app/Contents/bin/cmake/mac/aarch64/share/cmake-3.28/Modules/Compiler/IBMCPP-C-DetermineVersionInternal.cmake",
		"/Applications/CLion.app/Contents/bin/cmake/mac/aarch64/share/cmake-3.28/Modules/Compiler/XLClang-C-DetermineCompiler.cmake",
		"/Applications/CLion.app/Contents/bin/cmake/mac/aarch64/share/cmake-3.28/Modules/Compiler/zOS-C-DetermineCompiler.cmake",
		"/Applications/CLion.app/Contents/bin/cmake/mac/aarch64/share/cmake-3.28/Modules/Compiler/IBMCPP-C-DetermineVersionInternal.cmake",
		"/Applications/CLion.app/Contents/bin/cmake/mac/aarch64/share/cmake-3.28/Modules/CMakeFindBinUtils.cmake",
		"/Applications/CLion.app/Contents/bin/cmake/mac/aarch64/share/cmake-3.28/Modules/CMakeCCompiler.cmake.in",
		"/Users/mihaiadomnitei/Desktop/oop/lab13-14/cmake-build-debug/CMakeFiles/3.28.1/CMakeCCompiler.cmake",
		"/Applications/CLion.app/Contents/bin/cmake/mac/aarch64/share/cmake-3.28/Modules/CMakeDetermineCXXCompiler.cmake",
		"/Applications/CLion.app/Contents/bin/cmake/mac/aarch64/share/cmake-3.28/Modules/CMakeDetermineCompiler.cmake",
		"/Applications/CLion.app/Contents/bin/cmake/mac/aarch64/share/cmake-3.28/Modules/Platform/Darwin-Determine-CXX.cmake",
		"/Applications/CLion.app/Contents/bin/cmake/mac/aarch64/share/cmake-3.28/Modules/CMakeDetermineCompilerId.cmake",
		"/Applications/CLion.app/Contents/bin/cmake/mac/aarch64/share/cmake-3.28/Modules/CMakeCompilerIdDetection.cmake",
		"/Applications/CLion.app/Contents/bin/cmake/mac/aarch64/share/cmake-3.28/Modules/Compiler/ADSP-DetermineCompiler.cmake",
		"/Applications/CLion.app/Contents/bin/cmake/mac/aarch64/share/cmake-3.28/Modules/Compiler/ARMCC-DetermineCompiler.cmake",
		"/Applications/CLion.app/Contents/bin/cmake/mac/aarch64/share/cmake-3.28/Modules/Compiler/ARMClang-DetermineCompiler.cmake",
		"/Applications/CLion.app/Contents/bin/cmake/mac/aarch64/share/cmake-3.28/Modules/Compiler/AppleClang-DetermineCompiler.cmake",
		"/Applications/CLion.app/Contents/bin/cmake/mac/aarch64/share/cmake-3.28/Modules/Compiler/Clang-DetermineCompilerInternal.cmake",
		"/Applications/CLion.app/Contents/bin/cmake/mac/aarch64/share/cmake-3.28/Modules/Compiler/Borland-DetermineCompiler.cmake",
		"/Applications/CLion.app/Contents/bin/cmake/mac/aarch64/share/cmake-3.28/Modules/Compiler/Clang-DetermineCompiler.cmake",
		"/Applications/CLion.app/Contents/bin/cmake/mac/aarch64/share/cmake-3.28/Modules/Compiler/Clang-DetermineCompilerInternal.cmake",
		"/Applications/CLion.app/Contents/bin/cmake/mac/aarch64/share/cmake-3.28/Modules/Compiler/Comeau-CXX-DetermineCompiler.cmake",
		"/Applications/CLion.app/Contents/bin/cmake/mac/aarch64/share/cmake-3.28/Modules/Compiler/Compaq-CXX-DetermineCompiler.cmake",
		"/Applications/CLion.app/Contents/bin/cmake/mac/aarch64/share/cmake-3.28/Modules/Compiler/Cray-DetermineCompiler.cmake",
		"/Applications/CLion.app/Contents/bin/cmake/mac/aarch64/share/cmake-3.28/Modules/Compiler/CrayClang-DetermineCompiler.cmake",
		"/Applications/CLion.app/Contents/bin/cmake/mac/aarch64/share/cmake-3.28/Modules/Compiler/Embarcadero-DetermineCompiler.cmake",
		"/Applications/CLion.app/Contents/bin/cmake/mac/aarch64/share/cmake-3.28/Modules/Compiler/Fujitsu-DetermineCompiler.cmake",
		"/Applications/CLion.app/Contents/bin/cmake/mac/aarch64/share/cmake-3.28/Modules/Compiler/FujitsuClang-DetermineCompiler.cmake",
		"/Applications/CLion.app/Contents/bin/cmake/mac/aarch64/share/cmake-3.28/Modules/Compiler/GHS-DetermineCompiler.cmake",
		"/Applications/CLion.app/Contents/bin/cmake/mac/aarch64/share/cmake-3.28/Modules/Compiler/GNU-CXX-DetermineCompiler.cmake",
		"/Applications/CLion.app/Contents/bin/cmake/mac/aarch64/share/cmake-3.28/Modules/Compiler/HP-CXX-DetermineCompiler.cmake",
		"/Applications/CLion.app/Contents/bin/cmake/mac/aarch64/share/cmake-3.28/Modules/Compiler/IAR-DetermineCompiler.cmake",
		"/Applications/CLion.app/Contents/bin/cmake/mac/aarch64/share/cmake-3.28/Modules/Compiler/IBMClang-CXX-DetermineCompiler.cmake",
		"/Applications/CLion.app/Contents/bin/cmake/mac/aarch64/share/cmake-3.28/Modules/Compiler/Intel-DetermineCompiler.cmake",
		"/Applications/CLion.app/Contents/bin/cmake/mac/aarch64/share/cmake-3.28/Modules/Compiler/IntelLLVM-DetermineCompiler.cmake",
		"/Applications/CLion.app/Contents/bin/cmake/mac/aarch64/share/cmake-3.28/Modules/Compiler/LCC-CXX-DetermineCompiler.cmake",
		"/Applications/CLion.app/Contents/bin/cmake/mac/aarch64/share/cmake-3.28/Modules/Compiler/MSVC-DetermineCompiler.cmake",
		"/Applications/CLion.app/Contents/bin/cmake/mac/aarch64/share/cmake-3.28/Modules/Compiler/NVHPC-DetermineCompiler.cmake",
		"/Applications/CLion.app/Contents/bin/cmake/mac/aarch64/share/cmake-3.28/Modules/Compiler/NVIDIA-DetermineCompiler.cmake",
		"/Applications/CLion.app/Contents/bin/cmake/mac/aarch64/share/cmake-3.28/Modules/Compiler/OpenWatcom-DetermineCompiler.cmake",
		"/Applications/CLion.app/Contents/bin/cmake/mac/aarch64/share/cmake-3.28/Modules/Compiler/OrangeC-DetermineCompiler.cmake",
		"/Applications/CLion.app/Contents/bin/cmake/mac/aarch64/share/cmake-3.28/Modules/Compiler/PGI-DetermineCompiler.cmake",
		"/Applications/CLion.app/Contents/bin/cmake/mac/aarch64/share/cmake-3.28/Modules/Compiler/PathScale-DetermineCompiler.cmake",
		"/Applications/CLion.app/Contents/bin/cmake/mac/aarch64/share/cmake-3.28/Modules/Compiler/SCO-DetermineCompiler.cmake",
		"/Applications/CLion.app/Contents/bin/cmake/mac/aarch64/share/cmake-3.28/Modules/Compiler/SunPro-CXX-DetermineCompiler.cmake",
		"/Applications/CLion.app/Contents/bin/cmake/mac/aarch64/share/cmake-3.28/Modules/Compiler/TI-DetermineCompiler.cmake",
		"/Applications/CLion.app/Contents/bin/cmake/mac/aarch64/share/cmake-3.28/Modules/Compiler/Tasking-DetermineCompiler.cmake",
		"/Applications/CLion.app/Contents/bin/cmake/mac/aarch64/share/cmake-3.28/Modules/Compiler/VisualAge-CXX-DetermineCompiler.cmake",
		"/Applications/CLion.app/Contents/bin/cmake/mac/aarch64/share/cmake-3.28/Modules/Compiler/IBMCPP-CXX-DetermineVersionInternal.cmake",
		"/Applications/CLion.app/Contents/bin/cmake/mac/aarch64/share/cmake-3.28/Modules/Compiler/Watcom-DetermineCompiler.cmake",
		"/Applications/CLion.app/Contents/bin/cmake/mac/aarch64/share/cmake-3.28/Modules/Compiler/XL-CXX-DetermineCompiler.cmake",
		"/Applications/CLion.app/Contents/bin/cmake/mac/aarch64/share/cmake-3.28/Modules/Compiler/IBMCPP-CXX-DetermineVersionInternal.cmake",
		"/Applications/CLion.app/Contents/bin/cmake/mac/aarch64/share/cmake-3.28/Modules/Compiler/XLClang-CXX-DetermineCompiler.cmake",
		"/Applications/CLion.app/Contents/bin/cmake/mac/aarch64/share/cmake-3.28/Modules/Compiler/zOS-CXX-DetermineCompiler.cmake",
		"/Applications/CLion.app/Contents/bin/cmake/mac/aarch64/share/cmake-3.28/Modules/Compiler/IBMCPP-CXX-DetermineVersionInternal.cmake",
		"/Applications/CLion.app/Contents/bin/cmake/mac/aarch64/share/cmake-3.28/Modules/Compiler/ADSP-DetermineCompiler.cmake",
		"/Applications/CLion.app/Contents/bin/cmake/mac/aarch64/share/cmake-3.28/Modules/Compiler/ARMCC-DetermineCompiler.cmake",
		"/Applications/CLion.app/Contents/bin/cmake/mac/aarch64/share/cmake-3.28/Modules/Compiler/ARMClang-DetermineCompiler.cmake",
		"/Applications/CLion.app/Contents/bin/cmake/mac/aarch64/share/cmake-3.28/Modules/Compiler/AppleClang-DetermineCompiler.cmake",
		"/Applications/CLion.app/Contents/bin/cmake/mac/aarch64/share/cmake-3.28/Modules/Compiler/Clang-DetermineCompilerInternal.cmake",
		"/Applications/CLion.app/Contents/bin/cmake/mac/aarch64/share/cmake-3.28/Modules/Compiler/Borland-DetermineCompiler.cmake",
		"/Applications/CLion.app/Contents/bin/cmake/mac/aarch64/share/cmake-3.28/Modules/Compiler/Clang-DetermineCompiler.cmake",
		"/Applications/CLion.app/Contents/bin/cmake/mac/aarch64/share/cmake-3.28/Modules/Compiler/Clang-DetermineCompilerInternal.cmake",
		"/Applications/CLion.app/Contents/bin/cmake/mac/aarch64/share/cmake-3.28/Modules/Compiler/Comeau-CXX-DetermineCompiler.cmake",
		"/Applications/CLion.app/Contents/bin/cmake/mac/aarch64/share/cmake-3.28/Modules/Compiler/Compaq-CXX-DetermineCompiler.cmake",
		"/Applications/CLion.app/Contents/bin/cmake/mac/aarch64/share/cmake-3.28/Modules/Compiler/Cray-DetermineCompiler.cmake",
		"/Applications/CLion.app/Contents/bin/cmake/mac/aarch64/share/cmake-3.28/Modules/Compiler/CrayClang-DetermineCompiler.cmake",
		"/Applications/CLion.app/Contents/bin/cmake/mac/aarch64/share/cmake-3.28/Modules/Compiler/Embarcadero-DetermineCompiler.cmake",
		"/Applications/CLion.app/Contents/bin/cmake/mac/aarch64/share/cmake-3.28/Modules/Compiler/Fujitsu-DetermineCompiler.cmake",
		"/Applications/CLion.app/Contents/bin/cmake/mac/aarch64/share/cmake-3.28/Modules/Compiler/FujitsuClang-DetermineCompiler.cmake",
		"/Applications/CLion.app/Contents/bin/cmake/mac/aarch64/share/cmake-3.28/Modules/Compiler/GHS-DetermineCompiler.cmake",
		"/Applications/CLion.app/Contents/bin/cmake/mac/aarch64/share/cmake-3.28/Modules/Compiler/GNU-CXX-DetermineCompiler.cmake",
		"/Applications/CLion.app/Contents/bin/cmake/mac/aarch64/share/cmake-3.28/Modules/Compiler/HP-CXX-DetermineCompiler.cmake",
		"/Applications/CLion.app/Contents/bin/cmake/mac/aarch64/share/cmake-3.28/Modules/Compiler/IAR-DetermineCompiler.cmake",
		"/Applications/CLion.app/Contents/bin/cmake/mac/aarch64/share/cmake-3.28/Modules/Compiler/IBMClang-CXX-DetermineCompiler.cmake",
		"/Applications/CLion.app/Contents/bin/cmake/mac/aarch64/share/cmake-3.28/Modules/Compiler/Intel-DetermineCompiler.cmake",
		"/Applications/CLion.app/Contents/bin/cmake/mac/aarch64/share/cmake-3.28/Modules/Compiler/IntelLLVM-DetermineCompiler.cmake",
		"/Applications/CLion.app/Contents/bin/cmake/mac/aarch64/share/cmake-3.28/Modules/Compiler/LCC-CXX-DetermineCompiler.cmake",
		"/Applications/CLion.app/Contents/bin/cmake/mac/aarch64/share/cmake-3.28/Modules/Compiler/MSVC-DetermineCompiler.cmake",
		"/Applications/CLion.app/Contents/bin/cmake/mac/aarch64/share/cmake-3.28/Modules/Compiler/NVHPC-DetermineCompiler.cmake",
		"/Applications/CLion.app/Contents/bin/cmake/mac/aarch64/share/cmake-3.28/Modules/Compiler/NVIDIA-DetermineCompiler.cmake",
		"/Applications/CLion.app/Contents/bin/cmake/mac/aarch64/share/cmake-3.28/Modules/Compiler/OpenWatcom-DetermineCompiler.cmake",
		"/Applications/CLion.app/Contents/bin/cmake/mac/aarch64/share/cmake-3.28/Modules/Compiler/OrangeC-DetermineCompiler.cmake",
		"/Applications/CLion.app/Contents/bin/cmake/mac/aarch64/share/cmake-3.28/Modules/Compiler/PGI-DetermineCompiler.cmake",
		"/Applications/CLion.app/Contents/bin/cmake/mac/aarch64/share/cmake-3.28/Modules/Compiler/PathScale-DetermineCompiler.cmake",
		"/Applications/CLion.app/Contents/bin/cmake/mac/aarch64/share/cmake-3.28/Modules/Compiler/SCO-DetermineCompiler.cmake",
		"/Applications/CLion.app/Contents/bin/cmake/mac/aarch64/share/cmake-3.28/Modules/Compiler/SunPro-CXX-DetermineCompiler.cmake",
		"/Applications/CLion.app/Contents/bin/cmake/mac/aarch64/share/cmake-3.28/Modules/Compiler/TI-DetermineCompiler.cmake",
		"/Applications/CLion.app/Contents/bin/cmake/mac/aarch64/share/cmake-3.28/Modules/Compiler/Tasking-DetermineCompiler.cmake",
		"/Applications/CLion.app/Contents/bin/cmake/mac/aarch64/share/cmake-3.28/Modules/Compiler/VisualAge-CXX-DetermineCompiler.cmake",
		"/Applications/CLion.app/Contents/bin/cmake/mac/aarch64/share/cmake-3.28/Modules/Compiler/IBMCPP-CXX-DetermineVersionInternal.cmake",
		"/Applications/CLion.app/Contents/bin/cmake/mac/aarch64/share/cmake-3.28/Modules/Compiler/Watcom-DetermineCompiler.cmake",
		"/Applications/CLion.app/Contents/bin/cmake/mac/aarch64/share/cmake-3.28/Modules/Compiler/XL-CXX-DetermineCompiler.cmake",
		"/Applications/CLion.app/Contents/bin/cmake/mac/aarch64/share/cmake-3.28/Modules/Compiler/IBMCPP-CXX-DetermineVersionInternal.cmake",
		"/Applications/CLion.app/Contents/bin/cmake/mac/aarch64/share/cmake-3.28/Modules/Compiler/XLClang-CXX-DetermineCompiler.cmake",
		"/Applications/CLion.app/Contents/bin/cmake/mac/aarch64/share/cmake-3.28/Modules/Compiler/zOS-CXX-DetermineCompiler.cmake",
		"/Applications/CLion.app/Contents/bin/cmake/mac/aarch64/share/cmake-3.28/Modules/Compiler/IBMCPP-CXX-DetermineVersionInternal.cmake",
		"/Applications/CLion.app/Contents/bin/cmake/mac/aarch64/share/cmake-3.28/Modules/CMakeFindBinUtils.cmake",
		"/Applications/CLion.app/Contents/bin/cmake/mac/aarch64/share/cmake-3.28/Modules/CMakeCXXCompiler.cmake.in",
		"/Users/mihaiadomnitei/Desktop/oop/lab13-14/cmake-build-debug/CMakeFiles/3.28.1/CMakeCXXCompiler.cmake",
		"/Applications/CLion.app/Contents/bin/cmake/mac/aarch64/share/cmake-3.28/Modules/CMakeSystemSpecificInformation.cmake",
		"/Applications/CLion.app/Contents/bin/cmake/mac/aarch64/share/cmake-3.28/Modules/CMakeGenericSystem.cmake",
		"/Applications/CLion.app/Contents/bin/cmake/mac/aarch64/share/cmake-3.28/Modules/CMakeInitializeConfigs.cmake",
		"/Applications/CLion.app/Contents/bin/cmake/mac/aarch64/share/cmake-3.28/Modules/Platform/Darwin.cmake",
		"/Applications/CLion.app/Contents/bin/cmake/mac/aarch64/share/cmake-3.28/Modules/Platform/UnixPaths.cmake",
		"/Applications/CLion.app/Contents/bin/cmake/mac/aarch64/share/cmake-3.28/Modules/CMakeCInformation.cmake",
		"/Applications/CLion.app/Contents/bin/cmake/mac/aarch64/share/cmake-3.28/Modules/CMakeLanguageInformation.cmake",
		"/Applications/CLion.app/Contents/bin/cmake/mac/aarch64/share/cmake-3.28/Modules/Compiler/AppleClang-C.cmake",
		"/Applications/CLion.app/Contents/bin/cmake/mac/aarch64/share/cmake-3.28/Modules/Compiler/Clang.cmake",
		"/Applications/CLion.app/Contents/bin/cmake/mac/aarch64/share/cmake-3.28/Modules/Compiler/CMakeCommonCompilerMacros.cmake",
		"/Applications/CLion.app/Contents/bin/cmake/mac/aarch64/share/cmake-3.28/Modules/Compiler/GNU.cmake",
		"/Applications/CLion.app/Contents/bin/cmake/mac/aarch64/share/cmake-3.28/Modules/Compiler/CMakeCommonCompilerMacros.cmake",
		"/Applications/CLion.app/Contents/bin/cmake/mac/aarch64/share/cmake-3.28/Modules/Platform/Apple-AppleClang-C.cmake",
		"/Applications/CLion.app/Contents/bin/cmake/mac/aarch64/share/cmake-3.28/Modules/Platform/Apple-Clang-C.cmake",
		"/Applications/CLion.app/Contents/bin/cmake/mac/aarch64/share/cmake-3.28/Modules/Platform/Apple-Clang.cmake",
		"/Applications/CLion.app/Contents/bin/cmake/mac/aarch64/share/cmake-3.28/Modules/CMakeCommonLanguageInclude.cmake",
		"/Applications/CLion.app/Contents/bin/cmake/mac/aarch64/share/cmake-3.28/Modules/CMakeTestCCompiler.cmake",
		"/Applications/CLion.app/Contents/bin/cmake/mac/aarch64/share/cmake-3.28/Modules/CMakeTestCompilerCommon.cmake",
		"/Applications/CLion.app/Contents/bin/cmake/mac/aarch64/share/cmake-3.28/Modules/CMakeDetermineCompilerABI.cmake",
		"/Applications/CLion.app/Contents/bin/cmake/mac/aarch64/share/cmake-3.28/Modules/CMakeParseImplicitIncludeInfo.cmake",
		"/Applications/CLion.app/Contents/bin/cmake/mac/aarch64/share/cmake-3.28/Modules/CMakeParseImplicitLinkInfo.cmake",
		"/Applications/CLion.app/Contents/bin/cmake/mac/aarch64/share/cmake-3.28/Modules/CMakeParseLibraryArchitecture.cmake",
		"/Applications/CLion.app/Contents/bin/cmake/mac/aarch64/share/cmake-3.28/Modules/CMakeTestCompilerCommon.cmake",
		"/Applications/CLion.app/Contents/bin/cmake/mac/aarch64/share/cmake-3.28/Modules/CMakeCCompilerABI.c",
		"/Applications/CLion.app/Contents/bin/cmake/mac/aarch64/share/cmake-3.28/Modules/CMakeDetermineCompileFeatures.cmake",
		"/Applications/CLion.app/Contents/bin/cmake/mac/aarch64/share/cmake-3.28/Modules/Internal/FeatureTesting.cmake",
		"/Applications/CLion.app/Contents/bin/cmake/mac/aarch64/share/cmake-3.28/Modules/CMakeCCompiler.cmake.in",
		"/Users/mihaiadomnitei/Desktop/oop/lab13-14/cmake-build-debug/CMakeFiles/3.28.1/CMakeCCompiler.cmake",
		"/Applications/CLion.app/Contents/bin/cmake/mac/aarch64/share/cmake-3.28/Modules/CMakeCXXInformation.cmake",
		"/Applications/CLion.app/Contents/bin/cmake/mac/aarch64/share/cmake-3.28/Modules/CMakeLanguageInformation.cmake",
		"/Applications/CLion.app/Contents/bin/cmake/mac/aarch64/share/cmake-3.28/Modules/Compiler/AppleClang-CXX.cmake",
		"/Applications/CLion.app/Contents/bin/cmake/mac/aarch64/share/cmake-3.28/Modules/Compiler/Clang.cmake",
		"/Applications/CLion.app/Contents/bin/cmake/mac/aarch64/share/cmake-3.28/Modules/Platform/Apple-AppleClang-CXX.cmake",
		"/Applications/CLion.app/Contents/bin/cmake/mac/aarch64/share/cmake-3.28/Modules/Platform/Apple-Clang-CXX.cmake",
		"/Applications/CLion.app/Contents/bin/cmake/mac/aarch64/share/cmake-3.28/Modules/Platform/Apple-Clang.cmake",
		"/Applications/CLion.app/Contents/bin/cmake/mac/aarch64/share/cmake-3.28/Modules/CMakeCommonLanguageInclude.cmake",
		"/Applications/CLion.app/Contents/bin/cmake/mac/aarch64/share/cmake-3.28/Modules/CMakeTestCXXCompiler.cmake",
		"/Applications/CLion.app/Contents/bin/cmake/mac/aarch64/share/cmake-3.28/Modules/CMakeTestCompilerCommon.cmake",
		"/Applications/CLion.app/Contents/bin/cmake/mac/aarch64/share/cmake-3.28/Modules/CMakeDetermineCompilerABI.cmake",
		"/Applications/CLion.app/Contents/bin/cmake/mac/aarch64/share/cmake-3.28/Modules/CMakeParseImplicitIncludeInfo.cmake",
		"/Applications/CLion.app/Contents/bin/cmake/mac/aarch64/share/cmake-3.28/Modules/CMakeParseImplicitLinkInfo.cmake",
		"/Applications/CLion.app/Contents/bin/cmake/mac/aarch64/share/cmake-3.28/Modules/CMakeParseLibraryArchitecture.cmake",
		"/Applications/CLion.app/Contents/bin/cmake/mac/aarch64/share/cmake-3.28/Modules/CMakeTestCompilerCommon.cmake",
		"/Applications/CLion.app/Contents/bin/cmake/mac/aarch64/share/cmake-3.28/Modules/CMakeCXXCompilerABI.cpp",
		"/Applications/CLion.app/Contents/bin/cmake/mac/aarch64/share/cmake-3.28/Modules/CMakeDetermineCompileFeatures.cmake",
		"/Applications/CLion.app/Contents/bin/cmake/mac/aarch64/share/cmake-3.28/Modules/Internal/FeatureTesting.cmake",
		"/Applications/CLion.app/Contents/bin/cmake/mac/aarch64/share/cmake-3.28/Modules/CMakeCXXCompiler.cmake.in",
		"/Users/mihaiadomnitei/Desktop/oop/lab13-14/cmake-build-debug/CMakeFiles/3.28.1/CMakeCXXCompiler.cmake",
		"/Users/mihaiadomnitei/Qt/6.7.0/macos/lib/cmake/Qt6/Qt6ConfigVersion.cmake",
		"/Users/mihaiadomnitei/Qt/6.7.0/macos/lib/cmake/Qt6/Qt6ConfigVersionImpl.cmake",
		"/Users/mihaiadomnitei/Qt/6.7.0/macos/lib/cmake/Qt6/Qt6Config.cmake",
		"/Users/mihaiadomnitei/Qt/6.7.0/macos/lib/cmake/Qt6/Qt6ConfigExtras.cmake",
		"/Users/mihaiadomnitei/Qt/6.7.0/macos/lib/cmake/Qt6/QtPublicCMakeVersionHelpers.cmake",
		"/Users/mihaiadomnitei/Qt/6.7.0/macos/lib/cmake/Qt6/Qt6Targets.cmake",
		"/Users/mihaiadomnitei/Qt/6.7.0/macos/lib/cmake/Qt6/Qt6VersionlessTargets.cmake",
		"/Users/mihaiadomnitei/Qt/6.7.0/macos/lib/cmake/Qt6/QtFeature.cmake",
		"/Applications/CLion.app/Contents/bin/cmake/mac/aarch64/share/cmake-3.28/Modules/CheckCXXCompilerFlag.cmake",
		"/Applications/CLion.app/Contents/bin/cmake/mac/aarch64/share/cmake-3.28/Modules/Internal/CheckCompilerFlag.cmake",
		"/Applications/CLion.app/Contents/bin/cmake/mac/aarch64/share/cmake-3.28/Modules/Internal/CheckFlagCommonConfig.cmake",
		"/Applications/CLion.app/Contents/bin/cmake/mac/aarch64/share/cmake-3.28/Modules/Internal/CheckSourceCompiles.cmake",
		"/Applications/CLion.app/Contents/bin/cmake/mac/aarch64/share/cmake-3.28/Modules/CMakeCheckCompilerFlagCommonPatterns.cmake",
		"/Applications/CLion.app/Contents/bin/cmake/mac/aarch64/share/cmake-3.28/Modules/CheckCXXSourceCompiles.cmake",
		"/Applications/CLion.app/Contents/bin/cmake/mac/aarch64/share/cmake-3.28/Modules/Internal/CheckSourceCompiles.cmake",
		"/Users/mihaiadomnitei/Qt/6.7.0/macos/lib/cmake/Qt6/QtFeatureCommon.cmake",
		"/Users/mihaiadomnitei/Qt/6.7.0/macos/lib/cmake/Qt6/QtPublicAppleHelpers.cmake",
		"/Users/mihaiadomnitei/Qt/6.7.0/macos/lib/cmake/Qt6/QtPublicCMakeHelpers.cmake",
		"/Users/mihaiadomnitei/Qt/6.7.0/macos/lib/cmake/Qt6/QtPublicCMakeVersionHelpers.cmake",
		"/Users/mihaiadomnitei/Qt/6.7.0/macos/lib/cmake/Qt6/QtPublicDependencyHelpers.cmake",
		"/Users/mihaiadomnitei/Qt/6.7.0/macos/lib/cmake/Qt6/QtPublicExternalProjectHelpers.cmake",
		"/Users/mihaiadomnitei/Qt/6.7.0/macos/lib/cmake/Qt6/QtPublicFinalizerHelpers.cmake",
		"/Users/mihaiadomnitei/Qt/6.7.0/macos/lib/cmake/Qt6/QtPublicFindPackageHelpers.cmake",
		"/Users/mihaiadomnitei/Qt/6.7.0/macos/lib/cmake/Qt6/QtPublicPluginHelpers.cmake",
		"/Users/mihaiadomnitei/Qt/6.7.0/macos/lib/cmake/Qt6/QtPublicTargetHelpers.cmake",
		"/Users/mihaiadomnitei/Qt/6.7.0/macos/lib/cmake/Qt6/QtPublicTestHelpers.cmake",
		"/Users/mihaiadomnitei/Qt/6.7.0/macos/lib/cmake/Qt6/QtPublicToolHelpers.cmake",
		"/Users/mihaiadomnitei/Qt/6.7.0/macos/lib/cmake/Qt6/QtPublicWalkLibsHelpers.cmake",
		"/Applications/CLion.app/Contents/bin/cmake/mac/aarch64/share/cmake-3.28/Modules/CMakeFindDependencyMacro.cmake",
		"/Users/mihaiadomnitei/Qt/6.7.0/macos/lib/cmake/Qt6/Qt6Dependencies.cmake",
		"/Applications/CLion.app/Contents/bin/cmake/mac/aarch64/share/cmake-3.28/Modules/FindThreads.cmake",
		"/Applications/CLion.app/Contents/bin/cmake/mac/aarch64/share/cmake-3.28/Modules/CheckLibraryExists.cmake",
		"/Applications/CLion.app/Contents/bin/cmake/mac/aarch64/share/cmake-3.28/Modules/CheckIncludeFile.cmake",
		"/Applications/CLion.app/Contents/bin/cmake/mac/aarch64/share/cmake-3.28/Modules/CheckCSourceCompiles.cmake",
		"/Applications/CLion.app/Contents/bin/cmake/mac/aarch64/share/cmake-3.28/Modules/Internal/CheckSourceCompiles.cmake",
		"/Applications/CLion.app/Contents/bin/cmake/mac/aarch64/share/cmake-3.28/Modules/FindPackageHandleStandardArgs.cmake",
		"/Applications/CLion.app/Contents/bin/cmake/mac/aarch64/share/cmake-3.28/Modules/FindPackageMessage.cmake",
		"/Users/mihaiadomnitei/Qt/6.7.0/macos/lib/cmake/Qt6Core/Qt6CoreConfigVersion.cmake",
		"/Users/mihaiadomnitei/Qt/6.7.0/macos/lib/cmake/Qt6Core/Qt6CoreConfigVersionImpl.cmake",
		"/Users/mihaiadomnitei/Qt/6.7.0/macos/lib/cmake/Qt6Core/Qt6CoreConfig.cmake",
		"/Applications/CLion.app/Contents/bin/cmake/mac/aarch64/share/cmake-3.28/Modules/CMakeFindDependencyMacro.cmake",
		"/Users/mihaiadomnitei/Qt/6.7.0/macos/lib/cmake/Qt6Core/Qt6CoreDependencies.cmake",
		"/Users/mihaiadomnitei/Qt/6.7.0/macos/lib/cmake/Qt6/FindWrapAtomic.cmake",
		"/Applications/CLion.app/Contents/bin/cmake/mac/aarch64/share/cmake-3.28/Modules/CheckCXXSourceCompiles.cmake",
		"/Applications/CLion.app/Contents/bin/cmake/mac/aarch64/share/cmake-3.28/Modules/FindPackageHandleStandardArgs.cmake",
		"/Applications/CLion.app/Contents/bin/cmake/mac/aarch64/share/cmake-3.28/Modules/FindPackageMessage.cmake",
		"/Users/mihaiadomnitei/Qt/6.7.0/macos/lib/cmake/Qt6CoreTools/Qt6CoreToolsConfigVersion.cmake",
		"/Users/mihaiadomnitei/Qt/6.7.0/macos/lib/cmake/Qt6CoreTools/Qt6CoreToolsConfigVersionImpl.cmake",
		"/Users/mihaiadomnitei/Qt/6.7.0/macos/lib/cmake/Qt6CoreTools/Qt6CoreToolsConfig.cmake",
		"/Applications/CLion.app/Contents/bin/cmake/mac/aarch64/share/cmake-3.28/Modules/CMakeFindDependencyMacro.cmake",
		"/Users/mihaiadomnitei/Qt/6.7.0/macos/lib/cmake/Qt6CoreTools/Qt6CoreToolsDependencies.cmake",
		"/Users/mihaiadomnitei/Qt/6.7.0/macos/lib/cmake/Qt6CoreTools/Qt6CoreToolsTargets.cmake",
		"/Users/mihaiadomnitei/Qt/6.7.0/macos/lib/cmake/Qt6CoreTools/Qt6CoreToolsTargets-relwithdebinfo.cmake",
		"/Users/mihaiadomnitei/Qt/6.7.0/macos/lib/cmake/Qt6CoreTools/Qt6CoreToolsAdditionalTargetInfo.cmake",
		"/Users/mihaiadomnitei/Qt/6.7.0/macos/lib/cmake/Qt6CoreTools/Qt6CoreToolsVersionlessTargets.cmake",
		"/Users/mihaiadomnitei/Qt/6.7.0/macos/lib/cmake/Qt6Core/Qt6CoreTargets.cmake",
		"/Users/mihaiadomnitei/Qt/6.7.0/macos/lib/cmake/Qt6Core/Qt6CoreTargets-relwithdebinfo.cmake",
		"/Users/mihaiadomnitei/Qt/6.7.0/macos/lib/cmake/Qt6Core/Qt6CoreAdditionalTargetInfo.cmake",
		"/Users/mihaiadomnitei/Qt/6.7.0/macos/lib/cmake/Qt6Core/Qt6CoreVersionlessTargets.cmake",
		"/Users/mihaiadomnitei/Qt/6.7.0/macos/lib/cmake/Qt6Core/Qt6CoreMacros.cmake",
		"/Users/mihaiadomnitei/Qt/6.7.0/macos/lib/cmake/Qt6Core/Qt6CoreConfigExtras.cmake",
		"/Users/mihaiadomnitei/Qt/6.7.0/macos/lib/cmake/Qt6Core/QtInstallPaths.cmake",
		"/Applications/CLion.app/Contents/bin/cmake/mac/aarch64/share/cmake-3.28/Modules/GNUInstallDirs.cmake",
		"/Users/mihaiadomnitei/Qt/6.7.0/macos/lib/cmake/Qt6Core/Qt6CorePlugins.cmake",
		"/Users/mihaiadomnitei/Qt/6.7.0/macos/lib/cmake/Qt6Core/Qt6QDarwinBluetoothPermissionPluginConfig.cmake",
		"/Applications/CLion.app/Contents/bin/cmake/mac/aarch64/share/cmake-3.28/Modules/CMakeFindDependencyMacro.cmake",
		"/Users/mihaiadomnitei/Qt/6.7.0/macos/lib/cmake/Qt6Core/Qt6QDarwinBluetoothPermissionPluginDependencies.cmake",
		"/Users/mihaiadomnitei/Qt/6.7.0/macos/lib/cmake/Qt6Core/Qt6QDarwinBluetoothPermissionPluginTargets.cmake",
		"/Users/mihaiadomnitei/Qt/6.7.0/macos/lib/cmake/Qt6Core/Qt6QDarwinBluetoothPermissionPluginTargets-relwithdebinfo.cmake",
		"/Users/mihaiadomnitei/Qt/6.7.0/macos/lib/cmake/Qt6Core/Qt6QDarwinBluetoothPermissionPluginAdditionalTargetInfo.cmake",
		"/Users/mihaiadomnitei/Qt/6.7.0/macos/lib/cmake/Qt6Core/Qt6QDarwinCalendarPermissionPluginConfig.cmake",
		"/Applications/CLion.app/Contents/bin/cmake/mac/aarch64/share/cmake-3.28/Modules/CMakeFindDependencyMacro.cmake",
		"/Users/mihaiadomnitei/Qt/6.7.0/macos/lib/cmake/Qt6Core/Qt6QDarwinCalendarPermissionPluginDependencies.cmake",
		"/Users/mihaiadomnitei/Qt/6.7.0/macos/lib/cmake/Qt6Core/Qt6QDarwinCalendarPermissionPluginTargets.cmake",
		"/Users/mihaiadomnitei/Qt/6.7.0/macos/lib/cmake/Qt6Core/Qt6QDarwinCalendarPermissionPluginTargets-relwithdebinfo.cmake",
		"/Users/mihaiadomnitei/Qt/6.7.0/macos/lib/cmake/Qt6Core/Qt6QDarwinCalendarPermissionPluginAdditionalTargetInfo.cmake",
		"/Users/mihaiadomnitei/Qt/6.7.0/macos/lib/cmake/Qt6Core/Qt6QDarwinCameraPermissionPluginConfig.cmake",
		"/Applications/CLion.app/Contents/bin/cmake/mac/aarch64/share/cmake-3.28/Modules/CMakeFindDependencyMacro.cmake",
		"/Users/mihaiadomnitei/Qt/6.7.0/macos/lib/cmake/Qt6Core/Qt6QDarwinCameraPermissionPluginDependencies.cmake",
		"/Users/mihaiadomnitei/Qt/6.7.0/macos/lib/cmake/Qt6Core/Qt6QDarwinCameraPermissionPluginTargets.cmake",
		"/Users/mihaiadomnitei/Qt/6.7.0/macos/lib/cmake/Qt6Core/Qt6QDarwinCameraPermissionPluginTargets-relwithdebinfo.cmake",
		"/Users/mihaiadomnitei/Qt/6.7.0/macos/lib/cmake/Qt6Core/Qt6QDarwinCameraPermissionPluginAdditionalTargetInfo.cmake",
		"/Users/mihaiadomnitei/Qt/6.7.0/macos/lib/cmake/Qt6Core/Qt6QDarwinContactsPermissionPluginConfig.cmake",
		"/Applications/CLion.app/Contents/bin/cmake/mac/aarch64/share/cmake-3.28/Modules/CMakeFindDependencyMacro.cmake",
		"/Users/mihaiadomnitei/Qt/6.7.0/macos/lib/cmake/Qt6Core/Qt6QDarwinContactsPermissionPluginDependencies.cmake",
		"/Users/mihaiadomnitei/Qt/6.7.0/macos/lib/cmake/Qt6Core/Qt6QDarwinContactsPermissionPluginTargets.cmake",
		"/Users/mihaiadomnitei/Qt/6.7.0/macos/lib/cmake/Qt6Core/Qt6QDarwinContactsPermissionPluginTargets-relwithdebinfo.cmake",
		"/Users/mihaiadomnitei/Qt/6.7.0/macos/lib/cmake/Qt6Core/Qt6QDarwinContactsPermissionPluginAdditionalTargetInfo.cmake",
		"/Users/mihaiadomnitei/Qt/6.7.0/macos/lib/cmake/Qt6Core/Qt6QDarwinLocationPermissionPluginConfig.cmake",
		"/Applications/CLion.app/Contents/bin/cmake/mac/aarch64/share/cmake-3.28/Modules/CMakeFindDependencyMacro.cmake",
		"/Users/mihaiadomnitei/Qt/6.7.0/macos/lib/cmake/Qt6Core/Qt6QDarwinLocationPermissionPluginDependencies.cmake",
		"/Users/mihaiadomnitei/Qt/6.7.0/macos/lib/cmake/Qt6Core/Qt6QDarwinLocationPermissionPluginTargets.cmake",
		"/Users/mihaiadomnitei/Qt/6.7.0/macos/lib/cmake/Qt6Core/Qt6QDarwinLocationPermissionPluginTargets-relwithdebinfo.cmake",
		"/Users/mihaiadomnitei/Qt/6.7.0/macos/lib/cmake/Qt6Core/Qt6QDarwinLocationPermissionPluginAdditionalTargetInfo.cmake",
		"/Users/mihaiadomnitei/Qt/6.7.0/macos/lib/cmake/Qt6Core/Qt6QDarwinMicrophonePermissionPluginConfig.cmake",
		"/Applications/CLion.app/Contents/bin/cmake/mac/aarch64/share/cmake-3.28/Modules/CMakeFindDependencyMacro.cmake",
		"/Users/mihaiadomnitei/Qt/6.7.0/macos/lib/cmake/Qt6Core/Qt6QDarwinMicrophonePermissionPluginDependencies.cmake",
		"/Users/mihaiadomnitei/Qt/6.7.0/macos/lib/cmake/Qt6Core/Qt6QDarwinMicrophonePermissionPluginTargets.cmake",
		"/Users/mihaiadomnitei/Qt/6.7.0/macos/lib/cmake/Qt6Core/Qt6QDarwinMicrophonePermissionPluginTargets-relwithdebinfo.cmake",
		"/Users/mihaiadomnitei/Qt/6.7.0/macos/lib/cmake/Qt6Core/Qt6QDarwinMicrophonePermissionPluginAdditionalTargetInfo.cmake",
		"/Users/mihaiadomnitei/Qt/6.7.0/macos/lib/cmake/Qt6Gui/Qt6GuiConfigVersion.cmake",
		"/Users/mihaiadomnitei/Qt/6.7.0/macos/lib/cmake/Qt6Gui/Qt6GuiConfigVersionImpl.cmake",
		"/Users/mihaiadomnitei/Qt/6.7.0/macos/lib/cmake/Qt6Gui/Qt6GuiConfig.cmake",
		"/Applications/CLion.app/Contents/bin/cmake/mac/aarch64/share/cmake-3.28/Modules/CMakeFindDependencyMacro.cmake",
		"/Users/mihaiadomnitei/Qt/6.7.0/macos/lib/cmake/Qt6Gui/Qt6GuiDependencies.cmake",
		"/Users/mihaiadomnitei/Qt/6.7.0/macos/lib/cmake/Qt6/FindWrapOpenGL.cmake",
		"/Applications/CLion.app/Contents/bin/cmake/mac/aarch64/share/cmake-3.28/Modules/FindOpenGL.cmake",
		"/Applications/CLion.app/Contents/bin/cmake/mac/aarch64/share/cmake-3.28/Modules/FindPackageHandleStandardArgs.cmake",
		"/Applications/CLion.app/Contents/bin/cmake/mac/aarch64/share/cmake-3.28/Modules/FindPackageMessage.cmake",
		"/Applications/CLion.app/Contents/bin/cmake/mac/aarch64/share/cmake-3.28/Modules/FindPackageHandleStandardArgs.cmake",
		"/Applications/CLion.app/Contents/bin/cmake/mac/aarch64/share/cmake-3.28/Modules/FindPackageMessage.cmake",
		"/Users/mihaiadomnitei/Qt/6.7.0/macos/lib/cmake/Qt6GuiTools/Qt6GuiToolsConfigVersion.cmake",
		"/Users/mihaiadomnitei/Qt/6.7.0/macos/lib/cmake/Qt6GuiTools/Qt6GuiToolsConfigVersionImpl.cmake",
		"/Users/mihaiadomnitei/Qt/6.7.0/macos/lib/cmake/Qt6GuiTools/Qt6GuiToolsConfig.cmake",
		"/Applications/CLion.app/Contents/bin/cmake/mac/aarch64/share/cmake-3.28/Modules/CMakeFindDependencyMacro.cmake",
		"/Users/mihaiadomnitei/Qt/6.7.0/macos/lib/cmake/Qt6GuiTools/Qt6GuiToolsDependencies.cmake",
		"/Users/mihaiadomnitei/Qt/6.7.0/macos/lib/cmake/Qt6GuiTools/Qt6GuiToolsTargets.cmake",
		"/Users/mihaiadomnitei/Qt/6.7.0/macos/lib/cmake/Qt6GuiTools/Qt6GuiToolsTargets-relwithdebinfo.cmake",
		"/Users/mihaiadomnitei/Qt/6.7.0/macos/lib/cmake/Qt6GuiTools/Qt6GuiToolsAdditionalTargetInfo.cmake",
		"/Users/mihaiadomnitei/Qt/6.7.0/macos/lib/cmake/Qt6GuiTools/Qt6GuiToolsVersionlessTargets.cmake",
		"/Users/mihaiadomnitei/Qt/6.7.0/macos/lib/cmake/Qt6DBus/Qt6DBusConfigVersion.cmake",
		"/Users/mihaiadomnitei/Qt/6.7.0/macos/lib/cmake/Qt6DBus/Qt6DBusConfigVersionImpl.cmake",
		"/Users/mihaiadomnitei/Qt/6.7.0/macos/lib/cmake/Qt6DBus/Qt6DBusConfig.cmake",
		"/Applications/CLion.app/Contents/bin/cmake/mac/aarch64/share/cmake-3.28/Modules/CMakeFindDependencyMacro.cmake",
		"/Users/mihaiadomnitei/Qt/6.7.0/macos/lib/cmake/Qt6DBus/Qt6DBusDependencies.cmake",
		"/Users/mihaiadomnitei/Qt/6.7.0/macos/lib/cmake/Qt6DBusTools/Qt6DBusToolsConfigVersion.cmake",
		"/Users/mihaiadomnitei/Qt/6.7.0/macos/lib/cmake/Qt6DBusTools/Qt6DBusToolsConfigVersionImpl.cmake",
		"/Users/mihaiadomnitei/Qt/6.7.0/macos/lib/cmake/Qt6DBusTools/Qt6DBusToolsConfig.cmake",
		"/Applications/CLion.app/Contents/bin/cmake/mac/aarch64/share/cmake-3.28/Modules/CMakeFindDependencyMacro.cmake",
		"/Users/mihaiadomnitei/Qt/6.7.0/macos/lib/cmake/Qt6DBusTools/Qt6DBusToolsDependencies.cmake",
		"/Users/mihaiadomnitei/Qt/6.7.0/macos/lib/cmake/Qt6DBusTools/Qt6DBusToolsTargets.cmake",
		"/Users/mihaiadomnitei/Qt/6.7.0/macos/lib/cmake/Qt6DBusTools/Qt6DBusToolsTargets-relwithdebinfo.cmake",
		"/Users/mihaiadomnitei/Qt/6.7.0/macos/lib/cmake/Qt6DBusTools/Qt6DBusToolsAdditionalTargetInfo.cmake",
		"/Users/mihaiadomnitei/Qt/6.7.0/macos/lib/cmake/Qt6DBusTools/Qt6DBusToolsVersionlessTargets.cmake",
		"/Users/mihaiadomnitei/Qt/6.7.0/macos/lib/cmake/Qt6DBus/Qt6DBusTargets.cmake",
		"/Users/mihaiadomnitei/Qt/6.7.0/macos/lib/cmake/Qt6DBus/Qt6DBusTargets-relwithdebinfo.cmake",
		"/Users/mihaiadomnitei/Qt/6.7.0/macos/lib/cmake/Qt6DBus/Qt6DBusAdditionalTargetInfo.cmake",
		"/Users/mihaiadomnitei/Qt/6.7.0/macos/lib/cmake/Qt6DBus/Qt6DBusVersionlessTargets.cmake",
		"/Users/mihaiadomnitei/Qt/6.7.0/macos/lib/cmake/Qt6DBus/Qt6DBusMacros.cmake",
		"/Applications/CLion.app/Contents/bin/cmake/mac/aarch64/share/cmake-3.28/Modules/MacroAddFileDependencies.cmake",
		"/Users/mihaiadomnitei/Qt/6.7.0/macos/lib/cmake/Qt6Gui/Qt6GuiTargets.cmake",
		"/Users/mihaiadomnitei/Qt/6.7.0/macos/lib/cmake/Qt6Gui/Qt6GuiTargets-relwithdebinfo.cmake",
		"/Users/mihaiadomnitei/Qt/6.7.0/macos/lib/cmake/Qt6Gui/Qt6GuiAdditionalTargetInfo.cmake",
		"/Users/mihaiadomnitei/Qt/6.7.0/macos/lib/cmake/Qt6Gui/Qt6GuiVersionlessTargets.cmake",
		"/Users/mihaiadomnitei/Qt/6.7.0/macos/lib/cmake/Qt6Gui/Qt6GuiPlugins.cmake",
		"/Users/mihaiadomnitei/Qt/6.7.0/macos/lib/cmake/Qt6Gui/Qt6QCocoaIntegrationPluginConfig.cmake",
		"/Applications/CLion.app/Contents/bin/cmake/mac/aarch64/share/cmake-3.28/Modules/CMakeFindDependencyMacro.cmake",
		"/Users/mihaiadomnitei/Qt/6.7.0/macos/lib/cmake/Qt6Gui/Qt6QCocoaIntegrationPluginTargets.cmake",
		"/Users/mihaiadomnitei/Qt/6.7.0/macos/lib/cmake/Qt6Gui/Qt6QCocoaIntegrationPluginTargets-relwithdebinfo.cmake",
		"/Users/mihaiadomnitei/Qt/6.7.0/macos/lib/cmake/Qt6Gui/Qt6QCocoaIntegrationPluginAdditionalTargetInfo.cmake",
		"/Users/mihaiadomnitei/Qt/6.7.0/macos/lib/cmake/Qt6Gui/Qt6QGifPluginConfig.cmake",
		"/Applications/CLion.app/Contents/bin/cmake/mac/aarch64/share/cmake-3.28/Modules/CMakeFindDependencyMacro.cmake",
		"/Users/mihaiadomnitei/Qt/6.7.0/macos/lib/cmake/Qt6Gui/Qt6QGifPluginTargets.cmake",
		"/Users/mihaiadomnitei/Qt/6.7.0/macos/lib/cmake/Qt6Gui/Qt6QGifPluginTargets-relwithdebinfo.cmake",
		"/Users/mihaiadomnitei/Qt/6.7.0/macos/lib/cmake/Qt6Gui/Qt6QGifPluginAdditionalTargetInfo.cmake",
		"/Users/mihaiadomnitei/Qt/6.7.0/macos/lib/cmake/Qt6Gui/Qt6QICOPluginConfig.cmake",
		"/Applications/CLion.app/Contents/bin/cmake/mac/aarch64/share/cmake-3.28/Modules/CMakeFindDependencyMacro.cmake",
		"/Users/mihaiadomnitei/Qt/6.7.0/macos/lib/cmake/Qt6Gui/Qt6QICOPluginTargets.cmake",
		"/Users/mihaiadomnitei/Qt/6.7.0/macos/lib/cmake/Qt6Gui/Qt6QICOPluginTargets-relwithdebinfo.cmake",
		"/Users/mihaiadomnitei/Qt/6.7.0/macos/lib/cmake/Qt6Gui/Qt6QICOPluginAdditionalTargetInfo.cmake",
		"/Users/mihaiadomnitei/Qt/6.7.0/macos/lib/cmake/Qt6Gui/Qt6QJpegPluginConfig.cmake",
		"/Applications/CLion.app/Contents/bin/cmake/mac/aarch64/share/cmake-3.28/Modules/CMakeFindDependencyMacro.cmake",
		"/Users/mihaiadomnitei/Qt/6.7.0/macos/lib/cmake/Qt6Gui/Qt6QJpegPluginTargets.cmake",
		"/Users/mihaiadomnitei/Qt/6.7.0/macos/lib/cmake/Qt6Gui/Qt6QJpegPluginTargets-relwithdebinfo.cmake",
		"/Users/mihaiadomnitei/Qt/6.7.0/macos/lib/cmake/Qt6Gui/Qt6QJpegPluginAdditionalTargetInfo.cmake",
		"/Users/mihaiadomnitei/Qt/6.7.0/macos/lib/cmake/Qt6Gui/Qt6QMinimalIntegrationPluginConfig.cmake",
		"/Applications/CLion.app/Contents/bin/cmake/mac/aarch64/share/cmake-3.28/Modules/CMakeFindDependencyMacro.cmake",
		"/Users/mihaiadomnitei/Qt/6.7.0/macos/lib/cmake/Qt6Gui/Qt6QMinimalIntegrationPluginTargets.cmake",
		"/Users/mihaiadomnitei/Qt/6.7.0/macos/lib/cmake/Qt6Gui/Qt6QMinimalIntegrationPluginTargets-relwithdebinfo.cmake",
		"/Users/mihaiadomnitei/Qt/6.7.0/macos/lib/cmake/Qt6Gui/Qt6QMinimalIntegrationPluginAdditionalTargetInfo.cmake",
		"/Users/mihaiadomnitei/Qt/6.7.0/macos/lib/cmake/Qt6Gui/Qt6QOffscreenIntegrationPluginConfig.cmake",
		"/Applications/CLion.app/Contents/bin/cmake/mac/aarch64/share/cmake-3.28/Modules/CMakeFindDependencyMacro.cmake",
		"/Users/mihaiadomnitei/Qt/6.7.0/macos/lib/cmake/Qt6Gui/Qt6QOffscreenIntegrationPluginTargets.cmake",
		"/Users/mihaiadomnitei/Qt/6.7.0/macos/lib/cmake/Qt6Gui/Qt6QOffscreenIntegrationPluginTargets-relwithdebinfo.cmake",
		"/Users/mihaiadomnitei/Qt/6.7.0/macos/lib/cmake/Qt6Gui/Qt6QOffscreenIntegrationPluginAdditionalTargetInfo.cmake",
		"/Users/mihaiadomnitei/Qt/6.7.0/macos/lib/cmake/Qt6Gui/Qt6QSvgIconPluginConfig.cmake",
		"/Applications/CLion.app/Contents/bin/cmake/mac/aarch64/share/cmake-3.28/Modules/CMakeFindDependencyMacro.cmake",
		"/Users/mihaiadomnitei/Qt/6.7.0/macos/lib/cmake/Qt6Gui/Qt6QSvgIconPluginTargets.cmake",
		"/Users/mihaiadomnitei/Qt/6.7.0/macos/lib/cmake/Qt6Gui/Qt6QSvgIconPluginTargets-relwithdebinfo.cmake",
		"/Users/mihaiadomnitei/Qt/6.7.0/macos/lib/cmake/Qt6Gui/Qt6QSvgIconPluginAdditionalTargetInfo.cmake",
		"/Users/mihaiadomnitei/Qt/6.7.0/macos/lib/cmake/Qt6Gui/Qt6QSvgPluginConfig.cmake",
		"/Applications/CLion.app/Contents/bin/cmake/mac/aarch64/share/cmake-3.28/Modules/CMakeFindDependencyMacro.cmake",
		"/Users/mihaiadomnitei/Qt/6.7.0/macos/lib/cmake/Qt6Gui/Qt6QSvgPluginTargets.cmake",
		"/Users/mihaiadomnitei/Qt/6.7.0/macos/lib/cmake/Qt6Gui/Qt6QSvgPluginTargets-relwithdebinfo.cmake",
		"/Users/mihaiadomnitei/Qt/6.7.0/macos/lib/cmake/Qt6Gui/Qt6QSvgPluginAdditionalTargetInfo.cmake",
		"/Users/mihaiadomnitei/Qt/6.7.0/macos/lib/cmake/Qt6Gui/Qt6QTuioTouchPluginConfig.cmake",
		"/Applications/CLion.app/Contents/bin/cmake/mac/aarch64/share/cmake-3.28/Modules/CMakeFindDependencyMacro.cmake",
		"/Users/mihaiadomnitei/Qt/6.7.0/macos/lib/cmake/Qt6Gui/Qt6QTuioTouchPluginTargets.cmake",
		"/Users/mihaiadomnitei/Qt/6.7.0/macos/lib/cmake/Qt6Gui/Qt6QTuioTouchPluginTargets-relwithdebinfo.cmake",
		"/Users/mihaiadomnitei/Qt/6.7.0/macos/lib/cmake/Qt6Gui/Qt6QTuioTouchPluginAdditionalTargetInfo.cmake",
		"/Users/mihaiadomnitei/Qt/6.7.0/macos/lib/cmake/Qt6Widgets/Qt6WidgetsConfigVersion.cmake",
		"/Users/mihaiadomnitei/Qt/6.7.0/macos/lib/cmake/Qt6Widgets/Qt6WidgetsConfigVersionImpl.cmake",
		"/Users/mihaiadomnitei/Qt/6.7.0/macos/lib/cmake/Qt6Widgets/Qt6WidgetsConfig.cmake",
		"/Applications/CLion.app/Contents/bin/cmake/mac/aarch64/share/cmake-3.28/Modules/CMakeFindDependencyMacro.cmake",
		"/Users/mihaiadomnitei/Qt/6.7.0/macos/lib/cmake/Qt6Widgets/Qt6WidgetsDependencies.cmake",
		"/Users/mihaiadomnitei/Qt/6.7.0/macos/lib/cmake/Qt6WidgetsTools/Qt6WidgetsToolsConfigVersion.cmake",
		"/Users/mihaiadomnitei/Qt/6.7.0/macos/lib/cmake/Qt6WidgetsTools/Qt6WidgetsToolsConfigVersionImpl.cmake",
		"/Users/mihaiadomnitei/Qt/6.7.0/macos/lib/cmake/Qt6WidgetsTools/Qt6WidgetsToolsConfig.cmake",
		"/Applications/CLion.app/Contents/bin/cmake/mac/aarch64/share/cmake-3.28/Modules/CMakeFindDependencyMacro.cmake",
		"/Users/mihaiadomnitei/Qt/6.7.0/macos/lib/cmake/Qt6WidgetsTools/Qt6WidgetsToolsDependencies.cmake",
		"/Users/mihaiadomnitei/Qt/6.7.0/macos/lib/cmake/Qt6WidgetsTools/Qt6WidgetsToolsTargets.cmake",
		"/Users/mihaiadomnitei/Qt/6.7.0/macos/lib/cmake/Qt6WidgetsTools/Qt6WidgetsToolsTargets-relwithdebinfo.cmake",
		"/Users/mihaiadomnitei/Qt/6.7.0/macos/lib/cmake/Qt6WidgetsTools/Qt6WidgetsToolsAdditionalTargetInfo.cmake",
		"/Users/mihaiadomnitei/Qt/6.7.0/macos/lib/cmake/Qt6WidgetsTools/Qt6WidgetsToolsVersionlessTargets.cmake",
		"/Users/mihaiadomnitei/Qt/6.7.0/macos/lib/cmake/Qt6Widgets/Qt6WidgetsTargets.cmake",
		"/Users/mihaiadomnitei/Qt/6.7.0/macos/lib/cmake/Qt6Widgets/Qt6WidgetsTargets-relwithdebinfo.cmake",
		"/Users/mihaiadomnitei/Qt/6.7.0/macos/lib/cmake/Qt6Widgets/Qt6WidgetsAdditionalTargetInfo.cmake",
		"/Users/mihaiadomnitei/Qt/6.7.0/macos/lib/cmake/Qt6Widgets/Qt6WidgetsVersionlessTargets.cmake",
		"/Users/mihaiadomnitei/Qt/6.7.0/macos/lib/cmake/Qt6Widgets/Qt6WidgetsMacros.cmake",
		"/Users/mihaiadomnitei/Qt/6.7.0/macos/lib/cmake/Qt6Widgets/Qt6WidgetsPlugins.cmake",
		"/Users/mihaiadomnitei/Qt/6.7.0/macos/lib/cmake/Qt6Widgets/Qt6QMacStylePluginConfig.cmake",
		"/Applications/CLion.app/Contents/bin/cmake/mac/aarch64/share/cmake-3.28/Modules/CMakeFindDependencyMacro.cmake",
		"/Users/mihaiadomnitei/Qt/6.7.0/macos/lib/cmake/Qt6Widgets/Qt6QMacStylePluginTargets.cmake",
		"/Users/mihaiadomnitei/Qt/6.7.0/macos/lib/cmake/Qt6Widgets/Qt6QMacStylePluginTargets-relwithdebinfo.cmake",
		"/Users/mihaiadomnitei/Qt/6.7.0/macos/lib/cmake/Qt6Widgets/Qt6QMacStylePluginAdditionalTargetInfo.cmake"
	],
	"CMAKE_SOURCE_DIR" : "/Users/mihaiadomnitei/Desktop/oop/lab13-14",
	"DEP_FILE" : "/Users/mihaiadomnitei/Desktop/oop/lab13-14/cmake-build-debug/lab10_autogen/deps",
	"DEP_FILE_RULE_NAME" : "lab10_autogen/timestamp",
	"HEADERS" : 
	[
		[
			"/Users/mihaiadomnitei/Desktop/oop/lab13-14/include/Console.hpp",
			"MU",
			"6YEA5652QU/moc_Console.cpp",
			null
		],
		[
			"/Users/mihaiadomnitei/Desktop/oop/lab13-14/include/Gui.hpp",
			"MU",
			"6YEA5652QU/moc_Gui.cpp",
			null
		],
		[
			"/Users/mihaiadomnitei/Desktop/oop/lab13-14/include/GuiRecipe.hpp",
			"MU",
			"6YEA5652QU/moc_GuiRecipe.cpp",
			null
		],
		[
			"/Users/mihaiadomnitei/Desktop/oop/lab13-14/include/Medicament.hpp",
			"MU",
			"6YEA5652QU/moc_Medicament.cpp",
			null
		],
		[
			"/Users/mihaiadomnitei/Desktop/oop/lab13-14/include/Observer.hpp",
			"MU",
			"6YEA5652QU/moc_Observer.cpp",
			null
		],
		[
			"/Users/mihaiadomnitei/Desktop/oop/lab13-14/include/RecipeDrawing.hpp",
			"MU",
			"6YEA5652QU/moc_RecipeDrawing.cpp",
			null
		],
		[
			"/Users/mihaiadomnitei/Desktop/oop/lab13-14/include/Repository.hpp",
			"MU",
			"6YEA5652QU/moc_Repository.cpp",
			null
		],
		[
			"/Users/mihaiadomnitei/Desktop/oop/lab13-14/include/Service.hpp",
			"MU",
			"6YEA5652QU/moc_Service.cpp",
			null
		],
		[
			"/Users/mihaiadomnitei/Desktop/oop/lab13-14/include/TableModel.hpp",
			"MU",
			"6YEA5652QU/moc_TableModel.cpp",
			null
		],
		[
			"/Users/mihaiadomnitei/Desktop/oop/lab13-14/include/Test.hpp",
			"MU",
			"6YEA5652QU/moc_Test.cpp",
			null
		],
		[
			"/Users/mihaiadomnitei/Desktop/oop/lab13-14/include/Undo.hpp",
			"MU",
			"6YEA5652QU/moc_Undo.cpp",
			null
		],
		[
			"/Users/mihaiadomnitei/Desktop/oop/lab13-14/include/Validator.hpp",
			"MU",
			"6YEA5652QU/moc_Validator.cpp",
			null
		]
	],
	"HEADER_EXTENSIONS" : [ "h", "hh", "h++", "hm", "hpp", "hxx", "in", "txx" ],
	"INCLUDE_DIR" : "/Users/mihaiadomnitei/Desktop/oop/lab13-14/cmake-build-debug/lab10_autogen/include",
	"MOC_COMPILATION_FILE" : "/Users/mihaiadomnitei/Desktop/oop/lab13-14/cmake-build-debug/lab10_autogen/mocs_compilation.cpp",
	"MOC_DEFINITIONS" : [ "QT_CORE_LIB", "QT_GUI_LIB", "QT_WIDGETS_LIB" ],
	"MOC_DEPEND_FILTERS" : 
	[
		[
			"Q_PLUGIN_METADATA",
			"[\n][ \t]*Q_PLUGIN_METADATA[ \t]*\\([^\\)]*FILE[ \t]*\"([^\"]+)\""
		]
	],
	"MOC_INCLUDES" : 
	[
		"/Users/mihaiadomnitei/Desktop/oop/lab13-14/include",
		"/Users/mihaiadomnitei/Desktop/oop/lab13-14/database",
		"/Users/mihaiadomnitei/Qt/6.7.0/macos/lib/QtCore.framework/Headers",
		"/Users/mihaiadomnitei/Qt/6.7.0/macos/lib/QtCore.framework",
		"/Users/mihaiadomnitei/Qt/6.7.0/macos/mkspecs/macx-clang",
		"/Users/mihaiadomnitei/Qt/6.7.0/macos/include",
		"/Users/mihaiadomnitei/Qt/6.7.0/macos/lib/QtGui.framework/Headers",
		"/Users/mihaiadomnitei/Qt/6.7.0/macos/lib/QtGui.framework",
		"/Users/mihaiadomnitei/Qt/6.7.0/macos/lib/QtWidgets.framework/Headers",
		"/Users/mihaiadomnitei/Qt/6.7.0/macos/lib/QtWidgets.framework",
		"/Library/Developer/CommandLineTools/SDKs/MacOSX14.2.sdk/usr/include/c++/v1",
		"/Library/Developer/CommandLineTools/usr/lib/clang/15.0.0/include",
		"/Library/Developer/CommandLineTools/SDKs/MacOSX14.2.sdk/usr/include",
		"/Library/Developer/CommandLineTools/usr/include"
	],
	"MOC_MACRO_NAMES" : 
	[
		"Q_OBJECT",
		"Q_GADGET",
		"Q_NAMESPACE",
		"Q_NAMESPACE_EXPORT",
		"Q_GADGET_EXPORT",
		"Q_ENUM_NS"
	],
	"MOC_OPTIONS" : [],
	"MOC_PATH_PREFIX" : false,
	"MOC_PREDEFS_CMD" : 
	[
		"/Library/Developer/CommandLineTools/usr/bin/c++",
		"-std=gnu++17",
		"-dM",
		"-E",
		"-c",
		"/Applications/CLion.app/Contents/bin/cmake/mac/aarch64/share/cmake-3.28/Modules/CMakeCXXCompilerABI.cpp"
	],
	"MOC_PREDEFS_FILE" : "/Users/mihaiadomnitei/Desktop/oop/lab13-14/cmake-build-debug/lab10_autogen/moc_predefs.h",
	"MOC_RELAXED_MODE" : false,
	"MOC_SKIP" : [],
	"MULTI_CONFIG" : false,
	"PARALLEL" : 8,
	"PARSE_CACHE_FILE" : "/Users/mihaiadomnitei/Desktop/oop/lab13-14/cmake-build-debug/CMakeFiles/lab10_autogen.dir/ParseCache.txt",
	"QT_MOC_EXECUTABLE" : "/Users/mihaiadomnitei/Qt/6.7.0/macos/./libexec/moc",
	"QT_UIC_EXECUTABLE" : "/Users/mihaiadomnitei/Qt/6.7.0/macos/./libexec/uic",
	"QT_VERSION_MAJOR" : 6,
	"QT_VERSION_MINOR" : 7,
	"SETTINGS_FILE" : "/Users/mihaiadomnitei/Desktop/oop/lab13-14/cmake-build-debug/CMakeFiles/lab10_autogen.dir/AutogenUsed.txt",
	"SOURCES" : 
	[
		[
			"/Users/mihaiadomnitei/Desktop/oop/lab13-14/src/Console.cpp",
			"MU",
			null
		],
		[
			"/Users/mihaiadomnitei/Desktop/oop/lab13-14/src/ConsoleRecipe.cpp",
			"MU",
			null
		],
		[ "/Users/mihaiadomnitei/Desktop/oop/lab13-14/src/Gui.cpp", "MU", null ],
		[
			"/Users/mihaiadomnitei/Desktop/oop/lab13-14/src/GuiRecipe.cpp",
			"MU",
			null
		],
		[
			"/Users/mihaiadomnitei/Desktop/oop/lab13-14/src/Medicament.cpp",
			"MU",
			null
		],
		[
			"/Users/mihaiadomnitei/Desktop/oop/lab13-14/src/Repository.cpp",
			"MU",
			null
		],
		[
			"/Users/mihaiadomnitei/Desktop/oop/lab13-14/src/Service.cpp",
			"MU",
			null
		],
		[
			"/Users/mihaiadomnitei/Desktop/oop/lab13-14/src/TableModel.cpp",
			"MU",
			null
		],
		[ "/Users/mihaiadomnitei/Desktop/oop/lab13-14/src/Test.cpp", "MU", null ],
		[ "/Users/mihaiadomnitei/Desktop/oop/lab13-14/src/Undo.cpp", "MU", null ],
		[
			"/Users/mihaiadomnitei/Desktop/oop/lab13-14/src/Validator.cpp",
			"MU",
			null
		],
		[ "/Users/mihaiadomnitei/Desktop/oop/lab13-14/src/main.cpp", "MU", null ]
	],
	"UIC_OPTIONS" : [],
	"UIC_SEARCH_PATHS" : [],
	"UIC_SKIP" : [],
	"UIC_UI_FILES" : [],
	"VERBOSITY" : 0
}
